Date,Price,Open,Low,High,Volume,Change
2020-04-24,1.06,1.06,1.06,1.04,19.38,0.0
2020-04-23,1.06,1.05,1.07,1.04,54.15,0.95
2020-04-22,1.05,1.09,1.09,1.05,11.5,-0.94
2020-04-21,1.06,1.09,1.11,1.06,45.9,-1.85
2020-04-20,1.08,1.1,1.12,1.07,70.21,-1.82
2020-04-17,1.1,1.08,1.1,1.04,164.65,2.8
2020-04-16,1.07,1.07,1.07,1.04,11.07,0.0
2020-04-15,1.07,1.08,1.08,1.03,29.79,1.9
2020-04-14,1.05,1.08,1.08,1.05,34.53,-2.78
2020-04-13,1.08,1.07,1.08,1.06,4.21,0.0
2020-04-08,1.08,1.07,1.09,1.06,14.21,-0.92
2020-04-07,1.09,1.06,1.09,1.06,9.56,2.83
2020-04-06,1.06,1.08,1.08,1.06,66.72,-2.75
2020-04-03,1.09,1.09,1.1,1.09,71.22,-2.68
2020-04-02,1.12,1.14,1.17,1.12,37.0,-2.61
2020-04-01,1.15,1.16,1.16,1.15,191.7,1.77
2020-03-31,1.13,1.13,1.13,1.12,115.96,2.73
2020-03-30,1.1,1.1,1.1,1.1,3.2,2.8
2020-03-27,1.07,1.07,1.07,1.07,23.3,2.88
2020-03-26,1.04,1.0,1.04,1.0,89.13,2.97
2020-03-25,1.01,1.01,1.01,1.01,13.55,2.02
2020-03-24,0.99,0.96,0.99,0.95,97.9,2.06
2020-03-23,0.97,0.96,0.97,0.96,18.7,-1.02
2020-03-19,0.98,0.97,1.01,0.97,70.48,-1.01
2020-03-18,0.99,0.99,0.99,0.99,33.69,-10.0
2020-03-13,1.1,1.15,1.15,1.1,56.07,-5.17
2020-03-12,1.16,1.16,1.16,1.16,17.74,-2.52
2020-03-11,1.19,1.18,1.21,1.17,45.32,0.85
2020-03-10,1.18,1.17,1.18,1.13,65.81,0.0
2020-03-09,1.18,1.19,1.21,1.18,37.05,-2.48
2020-03-06,1.21,1.21,1.21,1.19,31.01,-0.82
2020-03-05,1.22,1.22,1.23,1.21,14.65,0.0
2020-03-04,1.22,1.22,1.23,1.21,49.85,0.0
2020-03-03,1.22,1.21,1.22,1.2,63.01,0.83
2020-03-02,1.21,1.2,1.21,1.2,12.84,0.83
2020-02-28,1.2,1.19,1.21,1.19,47.0,0.0
2020-02-27,1.2,1.21,1.21,1.19,19.81,0.0
2020-02-26,1.2,1.2,1.21,1.2,7.7,0.0
2020-02-25,1.2,1.2,1.22,1.2,10.97,-1.64
2020-02-24,1.22,1.24,1.24,1.21,72.43,-1.61
2020-02-21,1.24,1.21,1.24,1.21,266.74,2.48
2020-02-20,1.21,1.2,1.21,1.2,11.08,0.0
2020-02-19,1.21,1.21,1.21,1.2,4.45,0.0
2020-02-18,1.21,1.19,1.21,1.19,10.48,1.68
2020-02-17,1.19,1.2,1.22,1.19,10.84,-0.83
2020-02-14,1.2,1.22,1.22,1.19,22.36,-1.64
2020-02-13,1.22,1.21,1.23,1.21,58.67,0.83
2020-02-12,1.21,1.17,1.21,1.17,159.18,2.54
2020-02-11,1.18,1.15,1.18,1.15,16.71,0.85
2020-02-10,1.17,1.17,1.17,1.15,34.16,0.0
2020-02-07,1.17,1.17,1.17,1.16,14.23,0.0
2020-02-06,1.17,1.18,1.18,1.16,32.2,0.0
2020-02-05,1.17,1.17,1.18,1.16,64.01,-0.85
2020-02-04,1.18,1.18,1.19,1.17,54.03,-0.84
2020-02-03,1.19,1.18,1.2,1.17,82.65,-0.83
2020-01-31,1.2,1.2,1.2,1.18,3.76,1.69
2020-01-30,1.18,1.21,1.21,1.18,17.42,-1.67
2020-01-29,1.2,1.22,1.22,1.19,11.91,0.0
2020-01-28,1.2,1.2,1.2,1.2,51.22,0.0
2020-01-27,1.2,1.2,1.22,1.2,57.85,0.0
2020-01-24,1.2,1.2,1.2,1.19,9.62,0.84
2020-01-23,1.19,1.2,1.21,1.18,16.7,-0.83
2020-01-22,1.2,1.17,1.2,1.17,14.16,0.84
2020-01-21,1.19,1.18,1.2,1.16,25.4,0.85
2020-01-20,1.18,1.18,1.19,1.16,38.0,2.61
2020-01-17,1.15,1.14,1.17,1.14,38.17,-1.71
2020-01-16,1.17,1.18,1.2,1.15,70.39,-1.68
2020-01-15,1.19,1.22,1.22,1.19,17.21,-2.46
2020-01-13,1.22,1.2,1.23,1.19,2.45,0.0
2020-01-10,1.22,1.22,1.23,1.19,38.74,0.0
2020-01-09,1.22,1.23,1.23,1.2,55.71,1.67
2020-01-08,1.2,1.2,1.23,1.19,13.12,-0.83
2020-01-07,1.21,1.24,1.24,1.21,10.16,-2.42
2020-01-06,1.24,1.22,1.25,1.19,39.98,1.64
2020-01-03,1.22,1.23,1.24,1.21,57.44,0.0
2020-01-02,1.22,1.18,1.22,1.18,126.63,2.52
2019-12-31,1.19,1.18,1.2,1.18,56.4,0.85
2019-12-30,1.18,1.2,1.2,1.18,48.12,-1.67
2019-12-27,1.2,1.17,1.2,1.17,55.86,0.84
2019-12-26,1.19,1.18,1.19,1.18,38.63,0.85
2019-12-25,1.18,1.19,1.2,1.18,38.83,-0.84
2019-12-24,1.19,1.19,1.19,1.17,29.97,0.0
2019-12-23,1.19,1.19,1.19,1.18,11.45,0.0
2019-12-20,1.19,1.2,1.2,1.18,24.56,-0.83
2019-12-19,1.2,1.21,1.21,1.19,85.63,-0.83
2019-12-18,1.21,1.2,1.21,1.19,91.07,0.0
2019-12-17,1.21,1.18,1.21,1.18,26.43,1.68
2019-12-16,1.19,1.19,1.2,1.19,6.6,-0.83
2019-12-13,1.2,1.2,1.2,1.18,20.02,0.0
2019-12-12,1.2,1.2,1.2,1.19,10.05,0.0
2019-12-11,1.2,1.19,1.21,1.19,119.88,0.0
2019-12-10,1.2,1.22,1.22,1.19,25.88,-0.83
2019-12-09,1.21,1.22,1.22,1.2,4.65,0.0
2019-12-06,1.21,1.22,1.22,1.2,32.46,-0.82
2019-12-05,1.22,1.2,1.23,1.2,8.56,-0.81
2019-12-04,1.23,1.21,1.23,1.21,14.5,0.82
2019-12-03,1.22,1.23,1.23,1.2,4.8,0.83
2019-12-02,1.21,1.24,1.24,1.21,15.66,-1.63
2019-11-29,1.23,1.21,1.24,1.2,5.32,1.65
2019-11-28,1.21,1.24,1.24,1.21,21.45,-1.63
2019-11-27,1.23,1.23,1.24,1.22,17.27,0.0
2019-11-26,1.23,1.22,1.25,1.21,25.69,0.82
2019-11-25,1.22,1.22,1.25,1.22,73.72,-2.4
2019-11-22,1.25,1.3,1.3,1.25,134.39,-4.58
2019-11-21,1.31,1.33,1.34,1.28,944.56,2.34
2019-11-19,1.28,1.23,1.28,1.23,317.32,4.07
2019-11-18,1.23,1.24,1.24,1.21,62.9,0.0
2019-11-15,1.23,1.2,1.23,1.2,27.44,0.0
2019-11-14,1.23,1.22,1.24,1.19,33.88,1.65
2019-11-13,1.21,1.2,1.23,1.2,19.98,-0.82
2019-11-12,1.22,1.22,1.24,1.22,33.87,0.0
2019-11-11,1.22,1.18,1.22,1.18,23.69,1.67
2019-11-08,1.2,1.21,1.21,1.18,19.44,-0.83
2019-11-07,1.21,1.18,1.21,1.17,54.51,0.0
2019-11-06,1.21,1.2,1.21,1.19,4.73,0.0
2019-11-05,1.21,1.2,1.21,1.18,28.92,0.0
2019-11-04,1.21,1.2,1.24,1.2,18.46,-2.42
2019-11-01,1.24,1.24,1.24,1.21,20.16,0.81
2019-10-31,1.23,1.25,1.25,1.2,15.14,0.0
2019-10-30,1.23,1.26,1.26,1.23,1.63,0.0
2019-10-29,1.23,1.25,1.26,1.22,14.86,-3.15
2019-10-28,1.27,1.29,1.29,1.25,18.97,-0.78
2019-10-25,1.28,1.27,1.29,1.25,96.06,0.79
2019-10-24,1.27,1.26,1.29,1.23,193.71,2.42
2019-10-23,1.24,1.22,1.25,1.19,260.09,3.33
2019-10-22,1.2,1.22,1.22,1.19,45.75,-0.83
2019-10-21,1.21,1.22,1.22,1.19,19.02,0.0
2019-10-18,1.21,1.19,1.22,1.19,42.06,0.83
2019-10-17,1.2,1.21,1.23,1.18,49.5,1.69
2019-10-16,1.18,1.21,1.25,1.18,71.0,-4.07
2019-10-14,1.23,1.26,1.26,1.23,7.65,0.0
2019-10-11,1.23,1.26,1.26,1.23,23.38,-0.81
2019-10-10,1.24,1.25,1.26,1.23,51.4,-0.8
2019-10-09,1.25,1.26,1.28,1.23,227.51,1.63
2019-10-08,1.23,1.2,1.26,1.2,246.3,2.5
2019-10-07,1.2,1.22,1.22,1.19,83.39,-1.64
2019-10-04,1.22,1.22,1.24,1.19,77.27,0.0
2019-10-03,1.22,1.18,1.22,1.17,94.89,2.52
2019-10-02,1.19,1.17,1.2,1.17,18.43,-0.83
2019-10-01,1.2,1.18,1.21,1.15,90.33,1.69
2019-09-30,1.18,1.23,1.23,1.18,21.13,-4.07
2019-09-27,1.23,1.23,1.24,1.21,44.65,0.82
2019-09-26,1.22,1.23,1.26,1.2,99.92,0.0
2019-09-25,1.22,1.16,1.22,1.13,179.88,5.17
2019-09-24,1.16,1.22,1.22,1.12,112.15,-0.85
2019-09-23,1.17,1.12,1.17,1.12,250.19,5.41
2019-09-20,1.11,1.07,1.11,1.07,24.28,2.78
2019-09-19,1.08,1.08,1.09,1.07,17.9,-0.92
2019-09-18,1.09,1.1,1.1,1.08,7.18,-0.91
2019-09-17,1.1,1.07,1.1,1.07,6.57,0.0
2019-09-16,1.1,1.1,1.1,1.1,0.13,-0.9
2019-09-13,1.11,1.11,1.11,1.08,35.17,0.0
2019-09-12,1.11,1.11,1.11,1.1,0.75,0.0
2019-09-11,1.11,1.09,1.11,1.09,17.27,0.91
2019-09-10,1.1,1.09,1.1,1.09,13.75,0.0
2019-09-09,1.1,1.12,1.12,1.09,12.79,0.0
2019-09-06,1.1,1.09,1.11,1.09,13.3,0.92
2019-09-05,1.09,1.1,1.1,1.09,1.78,-1.8
2019-09-04,1.11,1.11,1.13,1.09,29.19,0.0
2019-09-03,1.11,1.12,1.12,1.11,11.65,-1.77
2019-09-02,1.13,1.12,1.14,1.11,29.54,-0.88
2019-08-30,1.14,1.14,1.14,1.13,16.27,-1.72
2019-08-29,1.16,1.17,1.17,1.14,1.91,-0.85
2019-08-28,1.17,1.15,1.18,1.12,50.85,3.54
2019-08-27,1.13,1.12,1.14,1.12,7.55,0.0
2019-08-26,1.13,1.12,1.14,1.12,10.27,0.0
2019-08-23,1.13,1.13,1.14,1.11,19.98,0.89
2019-08-22,1.12,1.15,1.15,1.12,67.45,-2.61
2019-08-21,1.15,1.15,1.15,1.14,42.64,0.0
2019-08-20,1.15,1.16,1.16,1.15,9.92,-1.71
2019-08-19,1.17,1.16,1.18,1.16,7.56,0.0
2019-08-16,1.17,1.17,1.17,1.16,20.65,0.0
2019-08-15,1.17,1.16,1.19,1.16,8.17,-1.68
2019-08-14,1.19,1.19,1.19,1.19,0.57,1.71
2019-08-09,1.17,1.18,1.18,1.17,10.27,-0.85
2019-08-08,1.18,1.19,1.19,1.16,38.23,-0.84
2019-08-07,1.19,1.18,1.19,1.17,5.8,0.85
2019-08-06,1.18,1.17,1.18,1.17,12.25,0.0
2019-08-05,1.18,1.19,1.19,1.17,10.31,0.0
2019-08-02,1.18,1.19,1.2,1.18,44.05,-1.67
2019-08-01,1.2,1.19,1.2,1.18,5.11,0.0
2019-07-31,1.2,1.2,1.2,1.19,1.17,0.0
2019-07-30,1.2,1.2,1.2,1.2,3.66,0.0
2019-07-29,1.2,1.21,1.21,1.19,12.17,-1.64
2019-07-26,1.22,1.22,1.22,1.22,1.01,3.39
2019-07-24,1.18,1.2,1.2,1.17,24.07,0.0
2019-07-23,1.18,1.2,1.2,1.18,14.02,-1.67
2019-07-22,1.2,1.21,1.21,1.2,17.18,-2.44
2019-07-19,1.23,1.21,1.23,1.2,13.35,0.0
2019-07-18,1.23,1.21,1.23,1.21,12.48,-0.81
2019-07-17,1.24,1.22,1.24,1.21,35.39,1.64
2019-07-16,1.22,1.2,1.22,1.2,24.65,1.67
2019-07-15,1.2,1.19,1.21,1.19,17.98,0.0
2019-07-12,1.2,1.18,1.21,1.18,19.44,0.0
2019-07-11,1.2,1.18,1.21,1.18,35.26,-0.83
2019-07-10,1.21,1.22,1.22,1.19,41.94,0.0
2019-07-09,1.21,1.2,1.21,1.19,9.02,0.0
2019-07-08,1.21,1.24,1.24,1.2,16.09,-0.82
2019-07-05,1.22,1.2,1.23,1.2,114.03,0.83
2019-07-04,1.21,1.19,1.22,1.19,35.4,0.83
2019-07-03,1.2,1.21,1.21,1.2,23.76,-0.83
2019-07-02,1.21,1.19,1.22,1.19,4.37,0.0
2019-07-01,1.21,1.18,1.22,1.18,28.61,0.83
2019-06-28,1.2,1.19,1.22,1.19,26.5,1.69
2019-06-27,1.18,1.21,1.23,1.18,103.89,-4.07
2019-06-26,1.23,1.22,1.23,1.21,50.23,2.5
2019-06-25,1.2,1.2,1.22,1.2,60.06,-1.64
2019-06-24,1.22,1.24,1.24,1.21,26.6,0.83
2019-06-21,1.21,1.24,1.25,1.21,68.34,-2.42
2019-06-20,1.24,1.24,1.26,1.22,29.61,0.0
2019-06-19,1.24,1.24,1.27,1.24,66.26,-0.8
2019-06-18,1.25,1.24,1.26,1.21,66.04,0.81
2019-06-17,1.24,1.24,1.25,1.21,26.46,2.48
2019-06-14,1.21,1.2,1.23,1.19,26.3,2.54
2019-06-13,1.18,1.2,1.21,1.18,37.82,-2.48
2019-06-12,1.21,1.29,1.29,1.21,93.81,-5.47
2019-06-11,1.28,1.33,1.33,1.27,225.74,0.0
2019-06-10,1.28,1.22,1.28,1.21,221.61,5.79
2019-06-07,1.21,1.2,1.21,1.19,79.75,1.68
2019-06-03,1.19,1.17,1.19,1.15,49.33,1.71
2019-05-31,1.17,1.14,1.17,1.14,43.22,0.86
2019-05-30,1.16,1.16,1.16,1.13,3.63,0.87
2019-05-29,1.15,1.15,1.17,1.13,17.05,0.88
2019-05-28,1.14,1.13,1.16,1.13,28.79,-0.87
2019-05-27,1.15,1.18,1.18,1.15,8.67,0.0
2019-05-24,1.15,1.18,1.18,1.15,12.73,-2.54
2019-05-23,1.18,1.16,1.19,1.16,55.0,2.61
2019-05-22,1.15,1.13,1.16,1.12,35.13,1.77
2019-05-21,1.13,1.13,1.13,1.11,42.92,0.89
2019-05-20,1.12,1.11,1.13,1.11,17.02,-0.88
2019-05-17,1.13,1.14,1.14,1.1,16.59,0.0
2019-05-16,1.13,1.12,1.14,1.12,7.07,0.89
2019-05-15,1.12,1.1,1.12,1.1,3.02,1.82
2019-05-14,1.1,1.12,1.12,1.1,2.6,0.0
2019-05-13,1.1,1.11,1.11,1.09,9.64,-0.9
2019-05-10,1.11,1.1,1.11,1.08,31.01,0.91
2019-05-09,1.1,1.08,1.1,1.08,3.61,1.85
2019-05-08,1.08,1.08,1.08,1.08,6.5,0.0
2019-05-07,1.08,1.09,1.09,1.07,13.86,-1.82
2019-05-06,1.1,1.11,1.11,1.1,5.01,-0.9
2019-05-03,1.11,1.1,1.11,1.09,25.17,0.91
2019-05-02,1.1,1.1,1.1,1.08,8.17,1.85
2019-04-30,1.08,1.09,1.1,1.08,13.23,-0.92
2019-04-29,1.09,1.11,1.11,1.08,18.87,-1.8
2019-04-26,1.11,1.11,1.12,1.1,12.36,0.0
2019-04-25,1.11,1.1,1.13,1.1,31.92,0.0
2019-04-24,1.11,1.09,1.11,1.09,26.81,0.0
2019-04-23,1.11,1.1,1.12,1.09,32.96,0.91
2019-04-22,1.1,1.12,1.12,1.09,129.99,-1.79
2019-04-19,1.12,1.1,1.12,1.1,33.76,0.0
2019-04-18,1.12,1.13,1.13,1.11,38.88,-0.88
2019-04-17,1.13,1.16,1.16,1.13,53.5,-4.24
2019-04-16,1.18,1.2,1.22,1.17,83.98,-1.67
2019-04-15,1.2,1.2,1.21,1.19,149.48,1.69
2019-04-12,1.18,1.16,1.19,1.16,221.0,4.42
2019-04-11,1.13,1.09,1.13,1.09,99.95,3.67
2019-04-10,1.09,1.08,1.09,1.08,17.02,0.93
2019-04-08,1.08,1.08,1.09,1.08,41.58,-0.92
2019-04-05,1.09,1.09,1.09,1.07,26.11,0.93
2019-04-04,1.08,1.08,1.09,1.07,31.46,-0.92
2019-04-03,1.09,1.09,1.09,1.07,7.52,0.93
2019-04-02,1.08,1.08,1.08,1.06,181.51,-0.92
2019-04-01,1.09,1.1,1.1,1.07,26.64,0.93
2019-03-29,1.08,1.11,1.11,1.08,31.92,-2.7
2019-03-28,1.11,1.11,1.11,1.09,40.31,1.83
2019-03-27,1.09,1.1,1.12,1.08,93.75,0.0
2019-03-26,1.09,1.07,1.1,1.07,30.51,0.0
2019-03-25,1.09,1.1,1.1,1.07,71.42,-0.91
2019-03-22,1.1,1.12,1.13,1.09,42.82,-1.79
2019-03-21,1.12,1.08,1.12,1.07,28.52,1.82
2019-03-19,1.1,1.08,1.1,1.07,15.06,1.85
2019-03-18,1.08,1.09,1.11,1.07,82.84,-1.82
2019-03-15,1.1,1.12,1.12,1.09,76.82,-1.79
2019-03-14,1.12,1.11,1.13,1.09,63.34,1.82
2019-03-13,1.1,1.12,1.14,1.09,188.99,-1.79
2019-03-12,1.12,1.13,1.15,1.12,70.66,-3.45
2019-03-11,1.16,1.15,1.18,1.14,30.01,-0.85
2019-03-08,1.17,1.19,1.19,1.16,73.28,-0.85
2019-03-07,1.18,1.18,1.2,1.16,101.23,-1.67
2019-03-06,1.2,1.23,1.23,1.2,61.98,-0.83
2019-03-05,1.21,1.24,1.24,1.21,56.22,-0.82
2019-03-04,1.22,1.25,1.27,1.22,81.68,-0.81
2019-03-01,1.23,1.25,1.26,1.22,113.99,0.82
2019-02-28,1.22,1.21,1.23,1.2,366.57,4.27
2019-02-27,1.17,1.07,1.17,1.07,425.25,4.46
2019-02-26,1.12,1.15,1.15,1.12,174.82,-3.45
2019-02-25,1.16,1.19,1.19,1.16,98.91,-1.69
2019-02-22,1.18,1.2,1.21,1.18,87.13,-1.67
2019-02-21,1.2,1.19,1.21,1.19,83.29,0.84
2019-02-20,1.19,1.19,1.21,1.18,154.9,-0.83
2019-02-19,1.2,1.19,1.22,1.19,197.1,-0.83
2019-02-18,1.21,1.19,1.24,1.19,214.08,1.68
2019-02-15,1.19,1.21,1.23,1.18,140.11,0.85
2019-02-14,1.18,1.17,1.22,1.15,300.97,0.0
2019-02-13,1.18,1.21,1.23,1.18,212.14,-4.07
2019-02-12,1.23,1.28,1.3,1.21,321.5,-3.91
2019-02-11,1.28,1.25,1.28,1.25,118.61,5.79
2019-02-08,1.21,1.18,1.22,1.18,406.8,-1.63
2019-02-07,1.23,1.3,1.3,1.23,206.26,-5.38
2019-02-06,1.3,1.3,1.3,1.3,123.73,4.0
2019-02-05,1.25,1.17,1.25,1.17,101.16,4.17
2019-02-04,1.2,1.24,1.27,1.2,147.73,-5.51
2019-02-01,1.27,1.3,1.33,1.27,415.52,-4.51
2019-01-31,1.33,1.37,1.38,1.33,177.22,-2.92
2019-01-30,1.37,1.34,1.46,1.34,986.7,-33.5
2018-12-06,2.06,1.98,2.06,1.98,405.44,4.04
2018-12-05,1.98,2.03,2.05,1.97,240.12,-1.98
2018-12-04,2.02,2.08,2.1,2.02,210.59,-2.42
2018-12-03,2.07,1.96,2.07,1.96,398.91,2.99
2018-11-30,2.01,2.04,2.06,1.98,211.33,-1.47
2018-11-29,2.04,2.05,2.08,2.02,180.55,-0.49
2018-11-28,2.05,1.95,2.06,1.9,416.0,4.59
2018-11-27,1.96,2.02,2.02,1.96,328.29,-3.45
2018-11-26,2.03,2.09,2.15,2.03,1.06,1.0
2018-11-22,2.01,1.9,2.01,1.9,328.46,5.79
2018-11-21,1.9,1.9,1.92,1.86,229.95,-1.55
2018-11-19,1.93,1.96,1.99,1.88,365.92,-3.5
2018-11-16,2.0,2.09,2.12,2.0,972.5,0.0
2018-11-15,2.0,1.88,2.0,1.83,1.84,12.36
2018-11-13,1.78,1.78,1.78,1.74,236.7,4.71
2018-11-12,1.7,1.66,1.7,1.64,412.81,4.94
2018-11-09,1.62,1.54,1.62,1.53,309.1,5.88
2018-11-08,1.53,1.57,1.57,1.53,43.64,0.0
2018-11-07,1.53,1.51,1.53,1.47,165.31,2.68
2018-11-06,1.49,1.51,1.51,1.47,101.52,-1.97
2018-11-05,1.52,1.57,1.57,1.5,44.4,-1.3
2018-11-02,1.54,1.54,1.56,1.52,34.16,0.0
2018-11-01,1.54,1.5,1.54,1.47,211.49,4.05
2018-10-31,1.48,1.52,1.52,1.48,98.26,-1.33
2018-10-30,1.5,1.57,1.57,1.48,102.92,-4.46
2018-10-29,1.57,1.58,1.63,1.5,449.95,3.29
2018-10-26,1.52,1.49,1.52,1.46,414.66,7.04
2018-10-25,1.42,1.38,1.42,1.38,172.25,2.9
2018-10-24,1.38,1.44,1.44,1.38,134.31,-5.48
2018-10-23,1.46,1.5,1.5,1.46,61.11,-2.67
2018-10-22,1.5,1.49,1.51,1.47,28.29,1.35
2018-10-19,1.48,1.44,1.48,1.44,68.13,3.5
2018-10-18,1.43,1.44,1.44,1.4,42.37,-1.38
2018-10-17,1.45,1.49,1.49,1.45,89.06,-2.68
2018-10-16,1.49,1.5,1.53,1.46,76.88,-0.67
2018-10-12,1.5,1.48,1.52,1.44,108.63,-0.66
2018-10-11,1.51,1.58,1.6,1.51,237.77,-5.03
2018-10-10,1.59,1.62,1.63,1.58,149.02,-1.24
2018-10-09,1.61,1.65,1.69,1.61,140.58,-2.42
2018-10-08,1.65,1.7,1.7,1.63,125.04,0.0
2018-10-05,1.65,1.57,1.7,1.57,230.73,2.48
2018-10-04,1.61,1.65,1.65,1.61,148.8,-3.01
2018-10-03,1.66,1.73,1.73,1.66,217.36,-4.05
2018-10-02,1.73,1.78,1.8,1.73,150.92,-3.89
2018-10-01,1.8,1.88,1.88,1.8,60.55,-1.64
2018-09-28,1.83,1.86,1.88,1.8,421.97,2.81
2018-09-27,1.78,1.74,1.79,1.73,98.57,2.3
2018-09-26,1.74,1.78,1.78,1.73,64.98,-0.57
2018-09-25,1.75,1.73,1.78,1.73,36.03,0.0
2018-09-24,1.75,1.73,1.78,1.73,12.61,0.0
2018-09-21,1.75,1.79,1.8,1.74,161.13,-2.23
2018-09-20,1.79,1.78,1.83,1.76,13.29,0.0
2018-09-19,1.79,1.84,1.84,1.79,50.96,-0.56
2018-09-18,1.8,1.74,1.81,1.74,88.85,2.86
2018-09-17,1.75,1.8,1.81,1.75,328.61,-4.89
2018-09-14,1.84,1.85,1.86,1.82,37.33,0.0
2018-09-13,1.84,1.85,1.87,1.84,56.89,-0.54
2018-09-12,1.85,1.9,1.9,1.85,52.65,-2.63
2018-09-10,1.9,1.94,1.94,1.9,54.94,-2.06
2018-09-07,1.94,1.85,1.94,1.85,40.16,5.43
2018-09-06,1.84,1.89,1.89,1.84,144.17,-2.65
2018-09-05,1.89,1.94,1.97,1.89,93.5,-2.58
2018-09-04,1.94,1.97,2.0,1.94,13.28,-2.02
2018-09-03,1.98,2.0,2.04,1.97,31.18,-1.49
2018-08-31,2.01,1.93,2.02,1.93,149.67,2.03
2018-08-30,1.97,1.94,1.98,1.93,65.6,-0.51
2018-08-29,1.98,2.04,2.04,1.98,110.31,-2.46
2018-08-28,2.03,2.0,2.05,2.0,372.88,2.53
2018-08-27,1.98,1.9,1.98,1.9,148.69,4.21
2018-08-24,1.9,1.91,1.93,1.89,50.05,0.53
2018-08-23,1.89,1.91,1.91,1.88,21.47,-0.53
2018-08-20,1.9,1.89,1.91,1.84,34.16,2.7
2018-08-17,1.85,1.94,1.94,1.85,268.58,-1.07
2018-08-16,1.87,1.79,1.87,1.79,147.79,5.65
2018-08-15,1.77,1.72,1.77,1.72,56.55,1.14
2018-08-14,1.75,1.76,1.76,1.73,23.96,-0.57
2018-08-10,1.76,1.77,1.79,1.75,71.88,1.73
2018-08-09,1.73,1.68,1.73,1.68,69.54,0.0
2018-08-08,1.73,1.75,1.75,1.68,274.63,-2.26
2018-08-07,1.77,1.8,1.8,1.75,144.0,-1.67
2018-08-06,1.8,1.84,1.84,1.8,43.32,-2.17
2018-08-03,1.84,1.88,1.88,1.83,83.53,-2.13
2018-08-02,1.88,1.88,1.92,1.84,52.18,0.0
2018-08-01,1.88,1.93,1.93,1.88,206.42,-3.09
2018-07-31,1.94,1.94,1.95,1.93,95.18,-1.02
2018-07-30,1.96,1.95,1.97,1.93,109.23,-0.51
2018-07-27,1.97,1.97,1.97,1.94,45.17,0.0
2018-07-26,1.97,1.97,1.97,1.95,32.02,0.0
2018-07-24,1.97,2.0,2.01,1.97,40.09,-1.01
2018-07-23,1.99,1.98,2.02,1.93,50.58,1.02
2018-07-20,1.97,1.93,1.98,1.93,64.05,2.07
2018-07-19,1.93,1.93,1.95,1.91,29.41,-0.52
2018-07-18,1.94,1.93,1.94,1.93,12.84,0.52
2018-07-17,1.93,1.95,1.95,1.91,54.96,-1.03
2018-07-16,1.95,1.93,1.98,1.93,42.05,-1.52
2018-07-13,1.98,1.94,1.99,1.92,110.86,2.06
2018-07-12,1.94,1.96,1.96,1.93,87.27,-1.02
2018-07-11,1.96,1.96,1.98,1.95,55.59,-1.01
2018-07-10,1.98,1.97,1.98,1.96,62.49,1.02
2018-07-09,1.96,1.97,1.97,1.95,35.2,-1.01
2018-07-06,1.98,1.98,1.98,1.97,60.26,0.0
2018-07-05,1.98,1.97,1.98,1.96,53.31,0.0
2018-07-04,1.98,2.0,2.0,1.96,65.55,0.0
2018-07-03,1.98,2.0,2.0,1.98,55.97,-1.0
2018-07-02,2.0,2.0,2.06,2.0,18.4,-1.48
2018-06-29,2.03,2.0,2.04,1.98,103.2,1.5
2018-06-28,2.0,1.98,2.02,1.98,66.93,0.5
2018-06-27,1.99,2.0,2.02,1.98,154.35,-0.5
2018-06-26,2.0,2.02,2.02,1.98,173.37,-1.48
2018-06-25,2.03,2.06,2.06,2.0,127.06,-1.46
2018-06-22,2.06,2.08,2.08,2.03,83.64,-0.96
2018-06-21,2.08,2.09,2.14,2.08,133.81,-4.15
2018-06-20,2.17,2.17,2.18,2.13,45.96,-0.46
2018-06-19,2.18,2.2,2.21,2.18,389.46,0.46
2018-06-18,2.17,2.12,2.17,2.1,164.48,2.36
2018-06-14,2.12,2.07,2.13,2.06,124.83,2.42
2018-06-13,2.07,2.06,2.08,2.03,77.07,1.97
2018-06-12,2.03,2.03,2.06,2.0,138.58,1.5
2018-06-11,2.0,2.04,2.06,2.0,57.68,-1.48
2018-06-08,2.03,2.0,2.04,1.97,185.78,1.5
2018-06-07,2.0,2.05,2.05,2.0,356.29,-2.91
2018-06-06,2.06,2.07,2.08,2.05,148.31,-0.96
2018-06-05,2.08,2.1,2.1,2.06,76.49,-0.95
2018-06-04,2.1,2.07,2.1,2.06,115.97,0.96
2018-06-01,2.08,2.09,2.1,2.07,122.79,-0.48
2018-05-31,2.09,2.09,2.09,2.07,136.65,0.0
2018-05-30,2.09,2.08,2.1,2.07,98.82,0.0
2018-05-29,2.09,2.09,2.12,2.07,108.42,0.0
2018-05-28,2.09,2.12,2.13,2.09,178.81,-1.42
2018-05-25,2.12,2.12,2.12,2.09,311.01,0.0
2018-05-24,2.12,2.11,2.14,2.1,92.28,0.47
2018-05-23,2.11,2.1,2.11,2.07,116.41,0.48
2018-05-22,2.1,2.08,2.11,2.06,45.35,0.96
2018-05-21,2.08,2.1,2.11,2.08,55.28,-1.42
2018-05-18,2.11,2.14,2.15,2.11,56.86,-2.31
2018-05-17,2.16,2.19,2.24,2.13,65.23,-1.37
2018-05-16,2.19,2.13,2.19,2.11,156.89,1.86
2018-05-15,2.15,2.18,2.18,2.12,124.62,0.94
2018-05-14,2.13,2.26,2.26,2.13,100.67,-4.05
2018-05-11,2.22,2.2,2.25,2.2,355.09,1.83
2018-05-10,2.18,2.14,2.19,2.14,205.48,2.35
2018-05-09,2.13,2.1,2.13,2.09,130.22,1.43
2018-05-08,2.1,2.09,2.1,2.08,84.88,0.96
2018-05-07,2.08,2.08,2.1,2.05,167.4,-0.95
2018-05-04,2.1,2.06,2.11,2.06,41.9,0.96
2018-05-03,2.08,2.14,2.14,2.08,181.46,-3.26
2018-05-02,2.15,2.15,2.16,2.1,38.61,0.0
2018-04-30,2.15,2.14,2.2,2.14,64.67,-2.27
2018-04-27,2.2,2.25,2.25,2.19,56.89,-1.35
2018-04-26,2.23,2.19,2.27,2.18,96.13,1.83
2018-04-25,2.19,2.09,2.19,2.07,129.76,4.29
2018-04-24,2.1,2.09,2.1,2.07,57.0,0.48
2018-04-23,2.09,2.11,2.11,2.07,59.9,0.0
2018-04-20,2.09,2.1,2.12,2.08,72.29,-0.48
2018-04-19,2.1,2.1,2.12,2.05,60.69,0.0
2018-04-18,2.1,2.1,2.15,2.1,87.3,0.48
2018-04-17,2.09,2.12,2.12,2.06,121.45,-0.48
2018-04-04,2.1,2.16,2.16,2.1,54.85,-1.87
2018-04-03,2.14,2.11,2.19,2.1,195.85,2.39
2018-04-02,2.09,2.2,2.2,2.08,500.21,-5.43
2018-03-30,2.21,2.22,2.24,2.19,104.31,-0.45
2018-03-29,2.22,2.23,2.25,2.22,45.15,-1.33
2018-03-28,2.25,2.26,2.26,2.2,33.12,0.0
2018-03-27,2.25,2.17,2.28,2.13,201.71,3.69
2018-03-26,2.17,2.23,2.23,2.16,190.64,-1.81
2018-03-23,2.21,2.25,2.25,2.15,467.36,-1.78
2018-03-22,2.25,2.26,2.3,2.24,136.2,-2.17
2018-03-21,2.3,2.43,2.43,2.29,245.49,2.22
2018-03-14,2.25,2.27,2.35,2.23,333.69,-2.6
2018-03-13,2.31,2.38,2.38,2.31,103.41,-2.94
2018-03-12,2.38,2.34,2.39,2.32,147.71,0.0
2018-03-09,2.38,2.41,2.46,2.38,226.75,-0.83
2018-03-08,2.4,2.42,2.44,2.4,135.73,-1.64
2018-03-07,2.44,2.45,2.49,2.41,27.67,-0.41
2018-03-06,2.45,2.48,2.49,2.44,46.94,-0.41
2018-03-05,2.46,2.42,2.46,2.39,153.69,2.93
2018-03-02,2.39,2.44,2.44,2.39,160.69,-2.05
2018-03-01,2.44,2.47,2.48,2.42,28.74,0.41
2018-02-28,2.43,2.45,2.49,2.43,22.45,-0.82
2018-02-27,2.45,2.42,2.46,2.42,50.75,0.0
2018-02-26,2.45,2.45,2.48,2.42,51.37,-0.41
2018-02-23,2.46,2.44,2.47,2.43,41.07,0.82
2018-02-22,2.44,2.45,2.48,2.44,100.03,-0.41
2018-02-21,2.45,2.47,2.5,2.45,43.2,-0.81
2018-02-20,2.47,2.46,2.48,2.45,80.28,0.41
2018-02-19,2.46,2.46,2.49,2.46,64.18,0.0
2018-02-16,2.46,2.5,2.54,2.45,85.89,-1.6
2018-02-15,2.5,2.57,2.57,2.5,166.06,-2.34
2018-02-14,2.56,2.51,2.58,2.51,682.54,2.4
2018-02-13,2.5,2.43,2.5,2.43,790.81,2.88
2018-02-12,2.43,2.36,2.43,2.36,135.7,2.53
2018-02-09,2.37,2.42,2.42,2.36,80.53,-2.07
2018-02-08,2.42,2.41,2.44,2.4,246.89,1.26
2018-02-07,2.39,2.39,2.39,2.33,341.48,4.37
2018-02-06,2.29,2.36,2.36,2.29,117.09,-2.14
2018-02-05,2.34,2.33,2.37,2.3,223.09,1.3
2018-02-02,2.31,2.35,2.35,2.29,75.02,0.0
2018-02-01,2.31,2.3,2.36,2.3,125.28,0.0
2018-01-31,2.31,2.29,2.33,2.28,87.78,0.0
2018-01-30,2.31,2.3,2.31,2.27,79.68,0.43
2018-01-29,2.3,2.25,2.3,2.25,33.73,2.22
2018-01-26,2.25,2.31,2.31,2.25,91.35,-2.6
2018-01-25,2.31,2.29,2.32,2.25,115.7,0.87
2018-01-24,2.29,2.32,2.32,2.27,140.15,0.88
2018-01-23,2.27,2.31,2.31,2.27,22.22,-2.16
2018-01-22,2.32,2.31,2.36,2.31,59.34,0.43
2018-01-19,2.31,2.25,2.32,2.24,224.8,2.21
2018-01-18,2.26,2.28,2.28,2.23,92.19,0.0
2018-01-17,2.26,2.28,2.29,2.25,243.58,-0.88
2018-01-16,2.28,2.29,2.29,2.27,17.66,-0.44
2018-01-15,2.29,2.3,2.3,2.26,44.18,-0.43
2018-01-12,2.3,2.32,2.35,2.29,12.71,0.0
2018-01-11,2.3,2.3,2.32,2.26,18.83,0.88
2018-01-10,2.28,2.3,2.34,2.28,44.17,-3.39
2018-01-09,2.36,2.35,2.39,2.29,73.62,-0.42
2018-01-08,2.37,2.33,2.37,2.31,48.78,0.85
2018-01-05,2.35,2.3,2.36,2.26,64.94,2.17
2018-01-04,2.3,2.3,2.33,2.27,41.85,-0.43
2018-01-03,2.31,2.3,2.33,2.3,18.96,-0.86
2018-01-02,2.33,2.34,2.37,2.33,22.51,0.43
2017-12-29,2.32,2.35,2.37,2.32,52.05,-1.28
2017-12-28,2.35,2.34,2.37,2.31,113.12,1.73
2017-12-27,2.31,2.29,2.32,2.27,32.1,0.87
2017-12-26,2.29,2.25,2.3,2.21,105.75,3.62
2017-12-25,2.21,2.23,2.28,2.21,43.43,0.45
2017-12-22,2.2,2.22,2.24,2.18,72.28,-1.79
2017-12-21,2.24,2.23,2.25,2.21,37.61,-0.44
2017-12-20,2.25,2.28,2.29,2.22,85.07,-1.32
2017-12-19,2.28,2.33,2.33,2.27,59.53,-1.3
2017-12-18,2.31,2.35,2.38,2.31,27.16,-1.7
2017-12-15,2.35,2.39,2.42,2.34,188.11,-0.42
2017-12-14,2.36,2.41,2.41,2.34,41.94,-0.84
2017-12-13,2.38,2.45,2.46,2.38,191.86,0.0
2017-12-12,2.38,2.4,2.4,2.38,10.36,0.0
2017-12-11,2.38,2.4,2.47,2.38,128.48,0.42
2017-12-08,2.37,2.38,2.39,2.35,23.3,0.85
2017-12-07,2.35,2.41,2.41,2.35,26.63,-2.49
2017-12-06,2.41,2.39,2.43,2.39,182.87,0.84
2017-12-05,2.39,2.42,2.43,2.38,82.36,-0.42
2017-12-04,2.4,2.39,2.43,2.36,333.73,1.69
2017-11-30,2.36,2.36,2.39,2.32,16.83,0.0
2017-11-29,2.36,2.37,2.4,2.35,113.93,0.43
2017-11-28,2.35,2.29,2.35,2.26,193.21,3.07
2017-11-27,2.28,2.28,2.29,2.26,18.86,-0.44
2017-11-24,2.29,2.3,2.3,2.27,26.5,0.44
2017-11-23,2.28,2.34,2.34,2.28,104.01,-0.87
2017-11-22,2.3,2.33,2.33,2.27,63.05,0.44
2017-11-21,2.29,2.35,2.35,2.29,38.91,-2.97
2017-11-20,2.36,2.32,2.36,2.32,43.14,0.43
2017-11-17,2.35,2.31,2.35,2.31,23.87,0.0
2017-11-16,2.35,2.34,2.36,2.33,26.3,0.0
2017-11-15,2.35,2.3,2.36,2.3,41.97,-0.42
2017-11-14,2.36,2.35,2.39,2.29,96.59,-0.42
2017-11-13,2.37,2.4,2.4,2.35,52.98,-1.66
2017-11-10,2.41,2.4,2.41,2.38,62.21,0.42
2017-11-09,2.4,2.39,2.41,2.37,91.27,0.42
2017-11-08,2.39,2.36,2.4,2.34,46.57,3.02
2017-11-07,2.32,2.35,2.4,2.32,61.88,-1.28
2017-11-06,2.35,2.3,2.35,2.28,38.83,2.17
2017-11-03,2.3,2.3,2.31,2.28,36.45,-0.86
2017-11-02,2.32,2.35,2.35,2.28,29.55,-1.28
2017-11-01,2.35,2.44,2.44,2.35,63.15,-2.08
2017-10-31,2.4,2.45,2.45,2.4,154.06,-0.83
2017-10-30,2.42,2.37,2.44,2.32,376.46,4.76
2017-10-27,2.31,2.25,2.35,2.25,105.25,1.32
2017-10-26,2.28,2.28,2.3,2.22,107.87,-0.44
2017-10-25,2.29,2.38,2.4,2.29,266.51,-2.97
2017-10-24,2.36,2.38,2.42,2.31,319.33,1.29
2017-10-23,2.33,2.23,2.33,2.23,255.01,5.91
2017-10-20,2.2,2.12,2.21,2.12,353.57,4.76
2017-10-19,2.1,2.04,2.1,2.04,113.42,3.45
2017-10-18,2.03,2.01,2.04,2.0,132.9,-0.49
2017-10-17,2.04,2.02,2.04,1.98,28.06,0.0
2017-10-16,2.04,2.03,2.07,2.02,50.12,1.49
2017-10-13,2.01,1.98,2.03,1.98,66.85,1.52
2017-10-12,1.98,1.95,1.99,1.95,26.46,2.06
2017-10-11,1.94,1.96,2.0,1.94,78.97,-3.48
2017-10-10,2.01,2.03,2.05,2.0,105.73,-1.95
2017-10-09,2.05,2.06,2.09,2.03,66.14,-0.49
2017-10-06,2.06,2.09,2.09,2.05,12.02,-0.96
2017-10-05,2.08,2.07,2.09,2.05,162.29,-0.48
2017-10-04,2.09,2.09,2.13,2.06,37.42,-1.42
2017-10-03,2.12,2.1,2.15,2.09,86.68,-1.85
2017-10-02,2.16,2.22,2.22,2.16,8.21,-1.82
2017-09-29,2.2,2.2,2.26,2.2,127.84,0.46
2017-09-28,2.19,2.1,2.19,2.08,204.18,5.29
2017-09-27,2.08,2.07,2.09,2.02,202.04,0.48
2017-09-26,2.07,2.12,2.12,2.07,119.84,-2.36
2017-09-25,2.12,2.15,2.17,2.12,15.23,-1.4
2017-09-22,2.15,2.15,2.18,2.12,130.12,1.42
2017-09-20,2.12,2.16,2.16,2.1,66.65,0.95
2017-09-19,2.1,2.11,2.13,2.08,153.27,-2.33
2017-09-18,2.15,2.2,2.2,2.14,62.33,-1.83
2017-09-15,2.19,2.21,2.21,2.16,120.66,-1.35
2017-09-14,2.22,2.26,2.26,2.22,58.11,-2.63
2017-09-13,2.28,2.3,2.3,2.26,9.49,-1.3
2017-09-12,2.31,2.29,2.32,2.24,181.76,0.43
2017-09-11,2.3,2.34,2.34,2.3,65.84,-1.71
2017-09-08,2.34,2.34,2.36,2.33,14.29,0.0
2017-09-07,2.34,2.33,2.38,2.32,29.65,0.0
2017-09-06,2.34,2.34,2.39,2.34,25.85,0.0
2017-09-05,2.34,2.38,2.4,2.33,57.89,-1.68
2017-09-04,2.38,2.38,2.41,2.37,8.24,0.85
2017-08-31,2.36,2.35,2.36,2.35,33.31,0.43
2017-08-30,2.35,2.38,2.38,2.35,59.2,-1.26
2017-08-29,2.38,2.35,2.38,2.35,58.67,1.28
2017-08-28,2.35,2.39,2.39,2.35,70.5,-1.67
2017-08-25,2.39,2.39,2.4,2.38,64.19,-0.42
2017-08-24,2.4,2.43,2.43,2.4,34.48,0.42
2017-08-23,2.39,2.41,2.41,2.39,39.46,-1.24
2017-08-22,2.42,2.41,2.42,2.4,31.47,-0.41
2017-08-21,2.43,2.46,2.46,2.42,27.16,-1.62
2017-08-18,2.47,2.42,2.47,2.42,41.68,1.65
2017-08-17,2.43,2.42,2.45,2.42,40.41,0.41
2017-08-16,2.42,2.38,2.43,2.38,27.14,1.68
2017-08-15,2.38,2.39,2.43,2.36,55.96,0.0
2017-08-14,2.38,2.4,2.4,2.37,19.44,-0.42
2017-08-11,2.39,2.41,2.41,2.38,59.44,-0.42
2017-08-10,2.4,2.39,2.44,2.39,49.81,0.0
2017-08-09,2.4,2.42,2.44,2.39,46.92,-0.41
2017-08-08,2.41,2.45,2.45,2.41,16.46,-0.41
2017-08-07,2.42,2.43,2.46,2.41,68.0,-0.41
2017-08-04,2.43,2.47,2.47,2.43,20.51,-1.62
2017-08-03,2.47,2.43,2.47,2.43,35.82,1.23
2017-08-02,2.44,2.44,2.48,2.43,25.42,0.0
2017-08-01,2.44,2.45,2.46,2.44,94.07,-0.41
2017-07-31,2.45,2.47,2.48,2.45,74.8,-0.81
2017-07-28,2.47,2.52,2.52,2.45,80.48,-1.2
2017-07-27,2.5,2.56,2.57,2.49,98.0,-2.34
2017-07-26,2.56,2.48,2.58,2.46,367.06,4.07
2017-07-24,2.46,2.46,2.49,2.46,23.12,-0.81
2017-07-21,2.48,2.48,2.5,2.48,96.17,0.0
2017-07-20,2.48,2.49,2.5,2.45,6.01,0.0
2017-07-19,2.48,2.45,2.5,2.45,70.1,0.0
2017-07-18,2.48,2.46,2.49,2.43,57.21,0.81
2017-07-17,2.46,2.47,2.49,2.46,32.0,0.0
2017-07-14,2.46,2.5,2.51,2.46,94.38,-1.6
2017-07-13,2.5,2.51,2.54,2.5,136.59,0.4
2017-07-12,2.49,2.49,2.54,2.49,155.63,0.81
2017-07-11,2.47,2.47,2.5,2.45,127.31,0.0
2017-07-10,2.47,2.45,2.47,2.4,48.45,2.92
2017-07-07,2.4,2.44,2.44,2.4,31.81,-2.44
2017-07-06,2.46,2.45,2.47,2.44,35.73,-0.4
2017-07-05,2.47,2.4,2.47,2.37,154.85,2.49
2017-07-04,2.41,2.42,2.42,2.4,66.76,-0.41
2017-07-03,2.42,2.45,2.45,2.41,88.26,-0.82
2017-06-30,2.44,2.45,2.5,2.43,86.92,-1.61
2017-06-29,2.48,2.49,2.49,2.45,119.84,-0.4
2017-06-28,2.49,2.51,2.51,2.47,120.76,0.0
2017-06-23,2.49,2.53,2.53,2.48,51.84,-0.8
2017-06-22,2.51,2.46,2.52,2.45,151.19,0.4
2017-06-21,2.5,2.5,2.5,2.46,70.92,0.0
2017-06-20,2.5,2.43,2.52,2.41,291.78,2.46
2017-06-19,2.44,2.45,2.45,2.42,52.25,-0.41
2017-06-16,2.45,2.46,2.47,2.44,116.34,-0.81
2017-06-15,2.47,2.5,2.5,2.46,69.76,-1.2
2017-06-14,2.5,2.45,2.52,2.44,2.95,2.04
2017-06-13,2.45,2.48,2.48,2.45,92.92,-0.81
2017-06-12,2.47,2.5,2.5,2.47,33.72,-0.4
2017-06-09,2.48,2.47,2.48,2.45,124.99,0.81
2017-06-08,2.46,2.47,2.5,2.46,193.37,0.0
2017-06-07,2.46,2.47,2.48,2.46,69.31,-0.4
2017-06-06,2.47,2.47,2.49,2.47,97.04,0.0
2017-06-05,2.47,2.5,2.5,2.46,33.46,-1.2
2017-06-02,2.5,2.52,2.52,2.47,42.19,0.81
2017-06-01,2.48,2.53,2.53,2.47,13.42,0.4
2017-05-31,2.47,2.53,2.53,2.47,118.95,-2.76
2017-05-30,2.54,2.54,2.55,2.51,9.85,-0.39
2017-05-29,2.55,2.58,2.59,2.55,10.59,0.39
2017-05-26,2.54,2.59,2.6,2.54,75.74,-1.93
2017-05-25,2.59,2.54,2.59,2.52,181.42,2.37
2017-05-24,2.53,2.52,2.55,2.51,99.79,0.8
2017-05-23,2.51,2.48,2.52,2.45,149.54,1.62
2017-05-22,2.47,2.53,2.59,2.46,242.05,-3.52
2017-05-19,2.56,2.62,2.65,2.56,92.06,-2.29
2017-05-18,2.62,2.68,2.7,2.62,468.6,-1.87
2017-05-17,2.67,2.64,2.68,2.6,1.25,3.09
2017-05-16,2.59,2.59,2.59,2.55,213.64,0.78
2017-05-15,2.57,2.54,2.61,2.54,177.25,1.18
2017-05-12,2.54,2.54,2.56,2.53,87.48,1.2
2017-05-11,2.51,2.53,2.54,2.5,63.26,0.0
2017-05-10,2.51,2.49,2.55,2.48,154.61,1.21
2017-05-09,2.48,2.5,2.53,2.48,58.08,-1.59
2017-05-08,2.52,2.53,2.55,2.5,67.07,0.0
2017-05-05,2.52,2.5,2.54,2.49,162.92,0.4
2017-05-04,2.51,2.5,2.54,2.5,378.13,1.21
2017-05-03,2.48,2.45,2.5,2.43,296.37,1.22
2017-05-02,2.45,2.46,2.49,2.44,163.15,0.41
2017-04-28,2.44,2.45,2.48,2.44,68.29,-2.01
2017-04-27,2.49,2.48,2.5,2.46,70.9,1.22
2017-04-26,2.46,2.42,2.47,2.42,206.2,0.0
2017-04-25,2.46,2.43,2.48,2.4,221.08,-1.6
2017-04-24,2.5,2.53,2.55,2.48,83.17,-1.57
2017-04-21,2.54,2.55,2.56,2.54,181.66,-0.78
2017-04-20,2.56,2.55,2.59,2.54,123.43,-0.39
2017-04-19,2.57,2.57,2.6,2.53,580.13,2.39
2017-04-18,2.51,2.44,2.52,2.4,171.76,2.45
2017-04-17,2.45,2.48,2.48,2.42,60.6,-1.21
2017-04-14,2.48,2.5,2.5,2.43,162.79,0.0
2017-04-13,2.48,2.54,2.54,2.47,282.07,-1.59
2017-04-12,2.52,2.57,2.6,2.5,128.46,-1.95
2017-04-11,2.57,2.55,2.57,2.53,60.13,1.58
2017-04-10,2.53,2.55,2.58,2.52,168.59,-0.78
2017-04-07,2.55,2.59,2.59,2.54,44.51,-0.78
2017-04-06,2.57,2.59,2.59,2.53,114.15,-0.39
2017-04-05,2.58,2.65,2.66,2.58,179.96,-3.01
2017-04-04,2.66,2.66,2.69,2.63,517.46,1.53
2017-04-03,2.62,2.55,2.62,2.52,351.45,3.97
2017-03-31,2.52,2.54,2.54,2.48,145.79,0.4
2017-03-30,2.51,2.54,2.56,2.48,171.57,-0.79
2017-03-29,2.53,2.54,2.57,2.47,978.32,-0.39
2017-03-28,2.54,2.58,2.62,2.54,136.9,-2.68
2017-03-27,2.61,2.64,2.66,2.59,321.45,-1.14
2017-03-24,2.64,2.69,2.69,2.64,58.78,0.0
2017-03-23,2.64,2.6,2.67,2.58,426.1,0.0
2017-03-22,2.64,2.69,2.71,2.63,298.33,-2.22
2017-03-21,2.7,2.75,2.75,2.7,280.43,-1.1
2017-03-17,2.73,2.74,2.75,2.71,366.32,1.11
2017-03-16,2.7,2.68,2.76,2.6,1.51,2.66
2017-03-15,2.63,2.68,2.73,2.63,951.31,0.0
2017-03-14,2.63,2.52,2.65,2.51,2.21,4.78
2017-03-13,2.51,2.52,2.55,2.5,201.83,0.4
2017-03-10,2.5,2.48,2.55,2.48,323.4,-0.4
2017-03-09,2.51,2.46,2.53,2.43,619.76,1.62
2017-03-08,2.47,2.43,2.53,2.43,282.86,-0.8
2017-03-07,2.49,2.54,2.55,2.47,706.02,-2.73
2017-03-06,2.56,2.59,2.63,2.55,807.06,0.39
2017-03-03,2.55,2.43,2.57,2.36,1.14,4.08
2017-03-02,2.45,2.5,2.56,2.45,731.55,-4.67
2017-03-01,2.57,2.53,2.57,2.44,2.37,10.3
2017-02-27,2.33,2.29,2.33,2.25,965.98,5.91
2017-02-24,2.2,2.03,2.2,2.03,736.15,5.77
2017-02-23,2.08,2.04,2.1,2.0,1.19,6.12
2017-02-22,1.96,1.88,1.96,1.88,176.97,4.26
2017-02-21,1.88,1.8,1.88,1.8,76.94,3.3
2017-02-20,1.82,1.84,1.85,1.82,85.39,-1.62
2017-02-17,1.85,1.83,1.88,1.83,25.23,0.54
2017-02-16,1.84,1.87,1.9,1.83,30.36,-2.65
2017-02-15,1.89,1.87,1.9,1.87,12.6,0.0
2017-02-14,1.89,1.87,1.95,1.87,77.53,-0.53
2017-02-13,1.9,1.93,1.94,1.88,71.96,-1.55
2017-02-10,1.93,1.89,1.94,1.86,58.51,2.12
2017-02-09,1.89,1.87,1.89,1.86,13.33,0.0
2017-02-08,1.89,1.9,1.9,1.85,135.96,-1.05
2017-02-07,1.91,1.96,1.96,1.91,7.34,-2.55
2017-02-06,1.96,1.92,1.97,1.9,18.06,3.7
2017-02-03,1.89,1.87,1.9,1.87,22.41,0.53
2017-02-02,1.88,1.86,1.88,1.84,71.03,0.53
2017-02-01,1.87,1.9,1.9,1.86,20.85,0.0
2017-01-31,1.87,1.9,1.9,1.86,59.47,0.0
2017-01-30,1.87,1.9,1.9,1.87,20.87,-1.58
2017-01-27,1.9,1.91,1.93,1.87,63.68,-2.06
2017-01-26,1.94,1.95,1.95,1.9,20.76,2.11
2017-01-25,1.9,1.92,1.95,1.89,66.63,-1.55
2017-01-24,1.93,2.02,2.03,1.93,89.25,-4.46
2017-01-23,2.02,2.07,2.07,2.01,57.62,-1.46
2017-01-20,2.05,1.99,2.09,1.94,308.85,1.99
2017-01-19,2.01,2.01,2.01,1.95,138.28,1.01
2017-01-18,1.99,2.05,2.07,1.99,137.07,-2.93
2017-01-17,2.05,2.07,2.11,2.04,230.19,1.99
2017-01-16,2.01,1.96,2.01,1.94,209.58,5.79
2017-01-13,1.9,1.85,1.9,1.8,200.19,4.4
2017-01-12,1.82,1.75,1.89,1.74,205.83,-0.55
2017-01-11,1.83,1.91,1.91,1.83,244.23,-5.18
2017-01-10,1.93,1.99,1.99,1.93,86.46,-3.5
2017-01-09,2.0,2.02,2.02,1.99,38.69,-0.5
2017-01-06,2.01,2.01,2.04,2.0,100.1,0.0
2017-01-05,2.01,2.06,2.06,2.01,119.82,-0.99
2017-01-04,2.03,2.06,2.06,2.01,91.59,-1.46
2017-01-03,2.06,2.08,2.08,2.02,46.26,-0.48
2017-01-02,2.07,2.1,2.1,2.06,32.74,0.49
2016-12-30,2.06,2.02,2.07,2.01,125.1,2.49
2016-12-29,2.01,2.03,2.03,2.0,61.32,-1.95
2016-12-28,2.05,2.05,2.06,2.03,32.91,-0.49
2016-12-27,2.06,2.12,2.12,2.06,63.67,-2.37
2016-12-26,2.11,2.1,2.17,2.1,59.68,-1.4
2016-12-23,2.14,2.1,2.16,2.08,178.98,1.9
2016-12-22,2.1,2.05,2.11,2.02,62.05,4.48
2016-12-21,2.01,2.05,2.05,2.0,39.56,-0.99
2016-12-20,2.03,2.03,2.06,2.01,67.19,0.0
2016-12-19,2.03,2.04,2.06,2.03,83.23,-1.46
2016-12-16,2.06,2.08,2.11,2.04,83.43,0.49
2016-12-15,2.05,2.09,2.09,2.03,88.66,-1.91
2016-12-14,2.09,2.15,2.15,2.09,136.96,-3.24
2016-12-13,2.16,2.15,2.21,2.14,222.09,2.86
2016-12-09,2.1,2.04,2.1,2.02,87.73,3.96
2016-12-08,2.02,2.07,2.07,2.01,489.85,-4.27
2016-12-07,2.11,2.2,2.2,2.11,346.56,-3.21
2016-12-06,2.18,2.2,2.25,2.14,257.38,-2.24
2016-12-05,2.23,2.28,2.28,2.23,129.37,-2.62
2016-12-02,2.29,2.3,2.3,2.26,127.97,-0.87
2016-12-01,2.31,2.38,2.38,2.31,266.44,-2.94
2016-11-30,2.38,2.45,2.45,2.36,175.88,-1.24
2016-11-29,2.41,2.45,2.49,2.41,114.03,-2.03
2016-11-28,2.46,2.5,2.51,2.45,396.25,0.82
2016-11-25,2.44,2.34,2.45,2.28,518.18,5.17
2016-11-24,2.32,2.38,2.38,2.31,93.91,-1.28
2016-11-23,2.35,2.4,2.42,2.35,101.85,-1.67
2016-11-22,2.39,2.41,2.44,2.39,131.43,-2.05
2016-11-21,2.44,2.42,2.49,2.4,127.99,0.83
2016-11-18,2.42,2.44,2.44,2.39,50.67,-0.82
2016-11-17,2.44,2.51,2.51,2.44,177.99,-1.61
2016-11-16,2.48,2.5,2.55,2.48,318.62,0.4
2016-11-15,2.47,2.53,2.56,2.46,797.43,0.82
2016-11-14,2.45,2.25,2.45,2.25,763.72,6.06
2016-11-11,2.31,2.29,2.33,2.28,139.05,-1.28
2016-11-10,2.34,2.36,2.4,2.29,531.91,-2.09
2016-11-09,2.39,2.41,2.41,2.38,224.02,-0.83
2016-11-08,2.41,2.4,2.45,2.34,433.02,0.42
2016-11-07,2.4,2.4,2.47,2.34,1.15,-4.38
2016-11-04,2.51,2.53,2.6,2.51,389.68,-4.2
2016-11-03,2.62,2.7,2.75,2.62,807.98,-4.03
2016-11-02,2.73,2.81,2.81,2.73,889.45,0.0
2016-11-01,2.73,2.64,2.75,2.63,2.52,5.0
2016-10-31,2.6,2.5,2.6,2.44,1.08,4.0
2016-10-28,2.5,2.55,2.59,2.48,722.19,-1.19
2016-10-27,2.53,2.48,2.58,2.47,2.24,3.69
2016-10-26,2.44,2.37,2.44,2.36,1.0,5.63
2016-10-25,2.31,2.27,2.32,2.27,794.64,3.12
2016-10-24,2.24,2.21,2.26,2.21,265.17,0.9
2016-10-21,2.22,2.22,2.25,2.16,277.63,0.91
2016-10-20,2.2,2.26,2.28,2.2,309.76,-3.51
2016-10-19,2.28,2.25,2.29,2.25,426.02,1.33
2016-10-18,2.25,2.22,2.27,2.22,171.12,1.35
2016-10-17,2.22,2.2,2.26,2.2,321.25,0.91
2016-10-14,2.2,2.14,2.2,2.12,858.59,2.8
2016-10-13,2.14,2.13,2.14,2.11,108.95,-0.93
2016-10-12,2.16,2.1,2.16,2.05,439.47,1.89
2016-10-11,2.12,2.13,2.15,2.08,261.74,-1.85
2016-10-10,2.16,2.13,2.19,2.11,910.13,3.85
2016-10-07,2.08,1.95,2.08,1.95,1.11,5.58
2016-10-06,1.97,1.94,1.98,1.89,204.69,2.6
2016-10-05,1.92,1.99,2.0,1.92,248.08,-1.54
2016-10-04,1.95,1.86,1.95,1.84,592.98,5.98
2016-09-30,1.84,1.89,1.9,1.84,114.7,-1.08
2016-09-29,1.86,1.89,1.9,1.86,96.45,-2.62
2016-09-28,1.91,1.94,1.95,1.89,141.46,-1.55
2016-09-27,1.94,1.94,1.96,1.92,61.89,0.0
2016-09-26,1.94,1.9,1.94,1.9,233.96,2.65
2016-09-23,1.89,1.8,1.89,1.8,373.52,5.59
2016-09-22,1.79,1.79,1.8,1.76,29.29,0.0
2016-09-21,1.79,1.77,1.79,1.75,58.84,1.13
2016-09-20,1.77,1.78,1.8,1.77,19.81,-1.12
2016-09-19,1.79,1.81,1.84,1.78,14.76,-2.72
2016-09-16,1.84,1.8,1.84,1.8,40.24,0.0
2016-09-15,1.84,1.79,1.84,1.79,15.17,0.0
2016-09-14,1.84,1.79,1.84,1.76,0.65,2.79
2016-09-09,1.79,1.82,1.82,1.79,23.05,-2.72
2016-09-08,1.84,1.83,1.84,1.79,170.1,-0.54
2016-09-07,1.85,1.86,1.86,1.84,18.13,0.0
2016-09-06,1.85,1.86,1.86,1.83,11.65,-0.54
2016-09-05,1.86,1.87,1.87,1.84,27.66,-1.06
2016-09-02,1.88,1.87,1.88,1.84,26.72,0.53
2016-09-01,1.87,1.86,1.88,1.84,3.08,0.0
2016-08-31,1.87,1.84,1.9,1.84,29.14,0.0
2016-08-30,1.87,1.9,1.9,1.86,10.95,-1.58
2016-08-29,1.9,1.87,1.91,1.84,34.78,1.6
2016-08-26,1.87,1.88,1.9,1.84,24.92,1.63
2016-08-25,1.84,1.88,1.89,1.84,117.99,-2.65
2016-08-24,1.89,1.91,1.91,1.87,71.8,0.0
2016-08-23,1.89,1.92,1.92,1.89,12.47,-1.56
2016-08-22,1.92,1.93,1.93,1.9,19.95,1.05
2016-08-19,1.9,1.93,1.93,1.89,152.32,-1.04
2016-08-18,1.92,1.93,1.94,1.91,67.52,0.0
2016-08-17,1.92,1.91,1.93,1.91,2.08,0.0
2016-08-16,1.92,1.91,1.94,1.91,33.63,0.52
2016-08-15,1.91,1.94,1.94,1.91,26.94,-1.55
2016-08-12,1.94,1.94,1.94,1.93,5.68,0.0
2016-08-11,1.94,1.95,1.95,1.92,11.48,-0.51
2016-08-10,1.95,1.97,1.97,1.93,7.64,1.04
2016-08-09,1.93,1.97,1.97,1.93,1.81,-1.03
2016-08-08,1.95,1.97,1.97,1.92,8.1,-1.02
2016-08-05,1.97,1.98,1.98,1.93,28.56,-0.51
2016-08-04,1.98,1.93,1.98,1.9,59.7,3.13
2016-08-03,1.92,1.91,1.93,1.88,11.57,0.52
2016-08-02,1.91,1.94,1.94,1.9,10.09,-2.05
2016-08-01,1.95,1.96,1.96,1.93,9.3,-1.02
2016-07-29,1.97,1.98,1.98,1.96,28.46,-0.51
2016-07-28,1.98,1.97,1.99,1.95,59.5,1.02
2016-07-27,1.96,1.97,1.97,1.94,41.12,1.03
2016-07-26,1.94,1.94,1.94,1.92,19.18,0.52
2016-07-22,1.93,1.94,1.98,1.92,36.16,-2.53
2016-07-21,1.98,1.95,1.98,1.93,47.15,3.13
2016-07-20,1.92,1.9,1.94,1.9,21.05,1.05
2016-07-19,1.9,1.92,1.92,1.89,53.92,0.0
2016-07-18,1.9,1.95,1.95,1.9,33.68,-2.56
2016-07-15,1.95,1.99,1.99,1.94,112.58,-1.52
2016-07-14,1.98,2.01,2.01,1.97,101.75,-1.49
2016-07-13,2.01,2.01,2.07,2.0,289.17,2.55
2016-07-12,1.96,1.9,1.96,1.9,234.97,3.7
2016-07-11,1.89,1.84,1.89,1.82,52.64,2.16
2016-07-08,1.85,1.84,1.85,1.82,5.8,0.0
2016-07-04,1.85,1.82,1.87,1.82,25.82,0.0
2016-07-01,1.85,1.83,1.88,1.81,203.8,2.78
2016-06-30,1.8,1.72,1.84,1.67,746.04,2.86
2016-06-29,1.75,1.8,1.8,1.75,309.09,-2.78
2016-06-28,1.8,1.85,1.85,1.8,88.08,-3.74
2016-06-27,1.87,1.88,1.9,1.87,87.11,-2.6
2016-06-24,1.92,1.89,1.93,1.86,23.26,1.59
2016-06-23,1.89,1.89,1.93,1.87,99.57,-2.07
2016-06-22,1.93,1.94,1.95,1.89,275.93,-0.52
2016-06-21,1.94,1.93,1.94,1.89,90.65,0.52
2016-06-20,1.93,1.94,1.97,1.93,23.61,0.0
2016-06-17,1.93,1.96,1.97,1.92,111.43,-1.53
2016-06-16,1.96,2.0,2.0,1.96,56.02,-2.0
2016-06-15,2.0,2.03,2.03,1.98,30.81,-0.99
2016-06-14,2.02,2.0,2.04,1.98,44.39,1.0
2016-06-13,2.0,1.97,2.05,1.97,242.24,1.52
2016-06-10,1.97,1.89,1.97,1.89,117.08,4.23
2016-06-09,1.89,1.86,1.89,1.81,187.51,0.0
2016-06-08,1.89,1.94,1.97,1.89,503.4,-4.06
2016-06-07,1.97,2.02,2.02,1.96,205.51,-2.48
2016-06-06,2.02,2.05,2.09,1.97,204.06,-1.46
2016-06-03,2.05,2.11,2.16,2.05,205.32,-3.76
2016-06-02,2.13,2.15,2.18,2.09,463.64,0.47
2016-06-01,2.12,2.04,2.16,2.04,836.91,3.92
2016-05-31,2.04,1.96,2.04,1.96,617.35,3.55
2016-05-30,1.97,1.92,2.0,1.91,312.64,1.55
2016-05-27,1.94,1.99,2.02,1.93,362.5,-2.51
2016-05-26,1.99,1.94,1.99,1.91,1.19,5.85
2016-05-25,1.88,1.79,1.88,1.79,534.95,5.62
2016-05-24,1.78,1.74,1.79,1.73,336.77,1.14
2016-05-23,1.76,1.76,1.77,1.71,171.24,0.57
2016-05-20,1.75,1.73,1.78,1.7,3.56,1.16
2016-05-19,1.73,1.66,1.73,1.66,308.55,2.98
2016-05-18,1.68,1.69,1.69,1.64,91.2,-0.59
2016-05-17,1.69,1.68,1.7,1.64,121.37,0.6
2016-05-16,1.68,1.66,1.69,1.63,106.28,0.6
2016-05-13,1.67,1.62,1.69,1.62,184.43,3.09
2016-05-12,1.62,1.61,1.64,1.61,28.69,0.0
2016-05-11,1.62,1.66,1.66,1.62,79.97,-1.82
2016-05-10,1.65,1.65,1.69,1.65,84.81,-0.6
2016-05-09,1.66,1.66,1.66,1.63,77.22,1.84
2016-05-06,1.63,1.68,1.68,1.63,150.23,-0.61
2016-05-05,1.64,1.69,1.74,1.64,483.61,-1.8
2016-05-04,1.67,1.6,1.68,1.59,418.22,5.03
2016-05-03,1.59,1.5,1.59,1.48,623.3,6.0
2016-05-02,1.5,1.52,1.54,1.5,29.21,-3.85
2016-04-29,1.56,1.56,1.57,1.53,26.47,-0.64
2016-04-28,1.57,1.58,1.61,1.57,111.6,0.0
2016-04-27,1.57,1.48,1.57,1.48,165.18,3.97
2016-04-26,1.51,1.53,1.53,1.49,62.63,-1.31
2016-04-25,1.53,1.55,1.55,1.51,90.19,-1.92
2016-04-22,1.56,1.58,1.58,1.55,95.37,-1.27
2016-04-21,1.58,1.61,1.61,1.57,59.3,-0.63
2016-04-20,1.59,1.57,1.63,1.56,360.74,2.58
2016-04-19,1.55,1.45,1.55,1.43,350.2,5.44
2016-04-18,1.47,1.49,1.49,1.45,98.68,-1.34
2016-04-15,1.49,1.51,1.59,1.49,388.9,-0.67
2016-04-14,1.5,1.43,1.5,1.43,265.69,5.63
2016-04-13,1.42,1.38,1.42,1.34,233.35,2.9
2016-04-12,1.38,1.39,1.4,1.35,203.77,2.99
2016-04-11,1.34,1.32,1.39,1.32,83.66,1.52
2016-04-08,1.32,1.3,1.32,1.3,33.98,2.33
2016-04-07,1.29,1.26,1.29,1.26,74.86,1.57
2016-04-06,1.27,1.28,1.3,1.27,133.22,-2.31
2016-04-05,1.3,1.32,1.32,1.29,99.82,-2.26
2016-04-04,1.33,1.31,1.34,1.31,2.34,-0.75
2016-04-01,1.34,1.33,1.34,1.31,14.64,0.0
2016-03-31,1.34,1.35,1.35,1.31,62.97,0.75
2016-03-30,1.33,1.31,1.34,1.29,182.03,1.53
2016-03-29,1.31,1.35,1.35,1.31,249.37,-2.96
2016-03-28,1.35,1.37,1.4,1.34,76.11,-1.46
2016-03-25,1.37,1.37,1.38,1.36,28.61,-0.72
2016-03-24,1.38,1.38,1.4,1.37,71.23,-1.43
2016-03-23,1.4,1.38,1.4,1.38,51.95,0.72
2016-03-22,1.39,1.37,1.39,1.37,57.43,0.72
2016-03-21,1.38,1.38,1.39,1.38,24.9,-0.72
2016-03-18,1.39,1.38,1.39,1.37,38.32,0.0
2016-03-17,1.39,1.39,1.4,1.39,23.67,-0.71
2016-03-16,1.4,1.4,1.4,1.38,22.76,-0.71
2016-03-15,1.41,1.43,1.43,1.39,41.57,-0.7
2016-03-14,1.42,1.4,1.43,1.39,30.05,1.43
2016-03-11,1.4,1.41,1.44,1.4,74.65,-0.71
2016-03-10,1.41,1.45,1.47,1.41,47.32,-2.76
2016-03-09,1.45,1.42,1.46,1.42,36.21,2.11
2016-03-08,1.42,1.4,1.44,1.4,8.36,2.16
2016-03-07,1.39,1.41,1.43,1.39,16.17,-2.8
2016-03-04,1.43,1.45,1.45,1.43,19.01,0.7
2016-03-03,1.42,1.45,1.46,1.42,30.36,-2.74
2016-03-02,1.46,1.39,1.46,1.37,213.32,4.29
2016-03-01,1.4,1.4,1.41,1.38,29.64,0.0
2016-02-29,1.4,1.44,1.44,1.4,10.68,-1.41
2016-02-26,1.42,1.43,1.47,1.42,35.22,-2.74
2016-02-25,1.46,1.46,1.47,1.4,108.64,1.39
2016-02-24,1.44,1.43,1.44,1.37,340.78,-0.69
2016-02-23,1.45,1.48,1.48,1.44,33.44,-2.03
2016-02-22,1.48,1.48,1.48,1.44,23.15,0.0
2016-02-19,1.48,1.52,1.52,1.48,209.88,-3.9
2016-02-18,1.54,1.58,1.58,1.54,34.1,-1.28
2016-02-17,1.56,1.59,1.59,1.53,47.47,-1.89
2016-02-16,1.59,1.61,1.61,1.57,170.08,1.27
2016-02-15,1.57,1.47,1.57,1.45,124.55,6.08
2016-02-12,1.48,1.52,1.52,1.48,60.24,-2.63
2016-02-11,1.52,1.58,1.58,1.51,101.36,-3.8
2016-02-10,1.58,1.62,1.66,1.58,316.21,-3.66
2016-02-09,1.64,1.69,1.7,1.64,67.48,-2.96
2016-02-08,1.69,1.6,1.69,1.59,198.67,3.68
2016-02-05,1.63,1.65,1.65,1.63,53.35,-1.81
2016-02-04,1.66,1.68,1.69,1.64,140.48,-1.19
2016-02-03,1.68,1.7,1.74,1.67,133.2,-1.75
2016-02-02,1.71,1.75,1.78,1.71,233.99,-2.29
2016-02-01,1.75,1.74,1.79,1.71,693.01,2.34
2016-01-29,1.71,1.63,1.71,1.62,477.83,5.56
2016-01-28,1.62,1.62,1.63,1.58,258.62,0.0
2016-01-27,1.62,1.66,1.67,1.62,94.8,-2.41
2016-01-26,1.66,1.64,1.69,1.63,353.89,3.11
2016-01-25,1.61,1.58,1.61,1.57,49.15,5.92
2016-01-22,1.52,1.57,1.58,1.52,331.69,-4.4
2016-01-21,1.59,1.63,1.67,1.59,451.72,-2.45
2016-01-20,1.63,1.57,1.64,1.54,507.66,5.16
2016-01-19,1.55,1.6,1.62,1.53,280.22,-1.27
2016-01-18,1.57,1.5,1.57,1.48,395.44,6.08
2016-01-15,1.48,1.5,1.54,1.46,357.58,0.68
2016-01-13,1.47,1.39,1.47,1.39,284.66,5.76
2016-01-12,1.39,1.37,1.41,1.37,43.7,2.21
2016-01-11,1.36,1.37,1.38,1.35,73.29,-1.45
2016-01-08,1.38,1.41,1.41,1.37,135.99,-2.13
2016-01-07,1.41,1.5,1.51,1.41,303.32,0.0
2016-01-05,1.41,1.34,1.41,1.34,54.82,6.02
2016-01-04,1.33,1.34,1.34,1.3,104.6,0.76
2015-12-31,1.32,1.34,1.34,1.32,41.58,-1.49
2015-12-30,1.34,1.33,1.34,1.32,15.45,0.0
2015-12-29,1.34,1.32,1.34,1.3,29.76,1.52
2015-12-28,1.32,1.3,1.32,1.3,104.54,0.0
2015-12-25,1.32,1.31,1.32,1.31,13.11,0.76
2015-12-23,1.31,1.31,1.34,1.31,68.19,-0.76
2015-12-22,1.32,1.33,1.33,1.31,12.02,0.76
2015-12-21,1.31,1.34,1.34,1.31,24.64,0.0
2015-12-18,1.31,1.33,1.35,1.3,38.24,-1.5
2015-12-17,1.33,1.34,1.34,1.31,19.89,-0.75
2015-12-16,1.34,1.36,1.36,1.32,24.87,-1.47
2015-12-15,1.36,1.34,1.36,1.34,102.64,1.49
2015-12-14,1.34,1.33,1.36,1.32,7.63,0.0
2015-12-11,1.34,1.3,1.35,1.3,27.44,1.52
2015-12-10,1.32,1.31,1.32,1.29,37.71,-0.75
2015-12-09,1.33,1.33,1.35,1.3,42.05,0.0
2015-12-08,1.33,1.37,1.39,1.33,66.34,-2.92
2015-12-07,1.37,1.37,1.41,1.36,37.0,-0.72
2015-12-04,1.38,1.41,1.41,1.37,21.36,0.0
2015-12-03,1.38,1.42,1.42,1.38,26.15,0.0
2015-12-02,1.38,1.37,1.43,1.37,9.9,0.73
2015-12-01,1.37,1.35,1.43,1.35,51.61,1.48
2015-11-30,1.35,1.32,1.35,1.32,23.4,0.75
2015-11-27,1.34,1.34,1.38,1.33,19.43,-2.9
2015-11-26,1.38,1.34,1.38,1.31,22.27,2.99
2015-11-25,1.34,1.32,1.35,1.3,39.55,-1.47
2015-11-24,1.36,1.35,1.37,1.32,50.89,0.74
2015-11-23,1.35,1.38,1.38,1.33,30.34,0.0
2015-11-20,1.35,1.35,1.37,1.35,37.81,-2.17
2015-11-19,1.38,1.39,1.41,1.35,77.95,-2.13
2015-11-18,1.41,1.45,1.49,1.41,52.44,-2.76
2015-11-17,1.45,1.51,1.51,1.45,57.53,-3.97
2015-11-16,1.51,1.49,1.54,1.49,153.66,2.03
2015-11-13,1.48,1.45,1.48,1.41,201.31,5.71
2015-11-12,1.4,1.3,1.4,1.3,45.81,6.06
2015-11-11,1.32,1.27,1.37,1.27,103.39,0.0
2015-11-10,1.32,1.4,1.4,1.32,26.55,-7.04
2015-11-09,1.42,1.44,1.46,1.4,143.88,-4.05
2015-11-06,1.48,1.54,1.54,1.48,55.25,-2.63
2015-11-05,1.52,1.49,1.55,1.45,224.43,0.0
2015-11-04,1.52,1.56,1.56,1.52,44.76,-2.56
2015-11-03,1.56,1.57,1.58,1.51,59.66,1.3
2015-11-02,1.54,1.49,1.57,1.45,213.5,1.32
2015-10-30,1.52,1.56,1.59,1.52,148.83,-4.4
2015-10-29,1.59,1.63,1.67,1.59,484.08,-0.62
2015-10-28,1.6,1.57,1.6,1.5,1.13,5.96
2015-10-27,1.51,1.49,1.51,1.44,210.8,5.59
2015-10-26,1.43,1.35,1.43,1.35,358.93,5.93
2015-10-23,1.35,1.33,1.35,1.3,67.98,1.5
2015-10-22,1.33,1.36,1.36,1.31,30.89,-2.92
2015-10-21,1.37,1.41,1.45,1.37,218.62,-0.72
2015-10-20,1.38,1.28,1.38,1.25,326.56,5.34
2015-10-19,1.31,1.35,1.37,1.31,98.44,-5.07
2015-10-16,1.38,1.44,1.44,1.35,391.52,0.0
2015-10-13,1.38,1.36,1.38,1.36,414.42,5.34
2015-10-12,1.31,1.28,1.31,1.25,176.48,5.65
2015-10-09,1.24,1.22,1.24,1.2,413.37,5.98
2015-10-08,1.17,1.11,1.17,1.1,230.59,5.41
2015-10-07,1.11,1.12,1.15,1.07,545.27,-1.77
2015-10-06,1.13,1.18,1.18,1.11,173.48,-3.42
2015-10-05,1.17,1.23,1.23,1.17,92.24,-5.65
2015-10-02,1.24,1.25,1.25,1.2,178.7,-0.8
2015-10-01,1.25,1.27,1.28,1.25,47.35,-2.34
2015-09-30,1.28,1.28,1.3,1.27,56.17,-1.54
2015-09-29,1.3,1.29,1.31,1.28,59.92,0.78
2015-09-28,1.29,1.29,1.32,1.29,42.35,-0.77
2015-09-23,1.3,1.32,1.32,1.29,44.24,-1.52
2015-09-22,1.32,1.32,1.32,1.31,13.2,0.0
2015-09-21,1.32,1.3,1.33,1.3,53.45,0.0
2015-09-18,1.32,1.31,1.33,1.3,56.83,-0.75
2015-09-17,1.33,1.31,1.33,1.28,95.61,-0.75
2015-09-16,1.34,1.35,1.35,1.31,114.88,-0.74
2015-09-15,1.35,1.37,1.37,1.35,49.97,-0.74
2015-09-14,1.36,1.4,1.4,1.36,43.02,-2.86
2015-09-11,1.4,1.39,1.4,1.37,29.53,0.0
2015-09-10,1.4,1.39,1.4,1.39,13.43,0.72
2015-09-09,1.39,1.42,1.42,1.39,22.34,-0.71
2015-09-08,1.4,1.4,1.42,1.39,18.04,0.0
2015-09-07,1.4,1.41,1.43,1.39,22.49,-2.1
2015-09-04,1.43,1.47,1.48,1.43,91.73,-2.72
2015-09-03,1.47,1.39,1.47,1.37,125.42,5.0
2015-09-02,1.4,1.38,1.44,1.36,181.3,2.19
2015-09-01,1.37,1.43,1.43,1.37,137.64,-3.52
2015-08-31,1.42,1.44,1.45,1.42,40.0,-1.39
2015-08-28,1.44,1.47,1.48,1.44,107.47,-2.7
2015-08-27,1.48,1.49,1.5,1.47,62.87,-0.67
2015-08-26,1.49,1.51,1.51,1.48,52.66,-2.61
2015-08-25,1.53,1.55,1.55,1.51,43.14,-0.65
2015-08-24,1.54,1.57,1.57,1.53,6.6,-0.65
2015-08-21,1.55,1.53,1.55,1.53,22.49,0.65
2015-08-20,1.54,1.55,1.57,1.54,15.16,-0.65
2015-08-19,1.55,1.58,1.58,1.54,44.47,-1.9
2015-08-18,1.58,1.59,1.63,1.55,27.5,-1.25
2015-08-17,1.6,1.62,1.64,1.6,12.85,-1.23
2015-08-14,1.62,1.65,1.65,1.61,11.98,0.0
2015-08-12,1.62,1.62,1.66,1.6,49.23,1.25
2015-08-11,1.6,1.64,1.65,1.6,92.8,-6.43
2015-08-10,1.71,1.76,1.76,1.71,419.03,-1.16
2015-08-07,1.73,1.69,1.73,1.69,295.79,5.49
2015-08-06,1.64,1.6,1.64,1.59,375.95,5.81
2015-08-05,1.55,1.51,1.55,1.51,106.29,1.31
2015-08-04,1.53,1.53,1.53,1.52,32.99,0.0
2015-08-03,1.53,1.54,1.54,1.52,14.91,0.66
2015-07-31,1.52,1.5,1.52,1.48,98.55,1.33
2015-07-30,1.5,1.52,1.52,1.48,193.11,-1.96
2015-07-29,1.53,1.57,1.58,1.53,332.06,-3.16
2015-07-28,1.58,1.62,1.62,1.58,182.03,-2.47
2015-07-27,1.62,1.61,1.63,1.6,22.52,0.62
2015-07-24,1.61,1.64,1.64,1.6,88.82,-1.23
2015-07-23,1.63,1.64,1.64,1.62,49.3,-0.61
2015-07-22,1.64,1.63,1.65,1.63,103.8,0.61
2015-07-21,1.63,1.64,1.64,1.62,62.16,0.62
2015-07-20,1.62,1.64,1.64,1.62,9.58,0.62
2015-07-16,1.61,1.65,1.66,1.61,338.42,-1.83
2015-07-15,1.64,1.6,1.64,1.59,107.79,1.23
2015-07-14,1.62,1.67,1.67,1.62,222.24,-4.14
2015-07-13,1.69,1.73,1.73,1.68,191.81,-1.74
2015-07-10,1.72,1.76,1.79,1.71,137.67,-2.27
2015-07-09,1.76,1.77,1.79,1.75,48.7,-2.22
2015-07-08,1.8,1.8,1.8,1.77,31.81,-0.55
2015-07-07,1.81,1.79,1.81,1.78,54.64,1.12
2015-07-06,1.79,1.82,1.82,1.78,26.74,-1.1
2015-07-03,1.81,1.8,1.81,1.79,79.86,0.56
2015-07-02,1.8,1.82,1.82,1.79,159.07,-1.64
2015-07-01,1.83,1.82,1.83,1.8,169.05,0.0
2015-06-30,1.83,1.84,1.84,1.82,72.32,-0.54
2015-06-29,1.84,1.85,1.85,1.8,154.72,-0.54
2015-06-26,1.85,1.85,1.88,1.84,40.82,0.0
2015-06-25,1.85,1.89,1.9,1.85,65.96,-1.6
2015-06-24,1.88,1.89,1.9,1.87,27.26,0.0
2015-06-23,1.88,1.93,1.95,1.88,166.54,-1.57
2015-06-22,1.91,1.86,1.91,1.83,218.59,3.24
2015-06-19,1.85,1.85,1.87,1.84,88.67,0.54
2015-06-18,1.84,1.84,1.87,1.84,48.18,0.0
2015-06-17,1.84,1.87,1.88,1.84,72.05,-1.6
2015-06-16,1.87,1.87,1.91,1.85,43.65,-1.06
2015-06-15,1.89,1.89,1.91,1.86,33.53,0.0
2015-06-12,1.89,1.83,1.91,1.83,233.76,3.28
2015-06-11,1.83,1.87,1.87,1.83,52.51,-2.14
2015-06-10,1.87,1.89,1.89,1.82,79.92,1.63
2015-06-09,1.84,1.86,1.87,1.84,44.72,-0.54
2015-06-08,1.85,1.9,1.9,1.85,15.37,0.0
2015-06-05,1.85,1.9,1.9,1.85,114.61,-1.6
2015-06-04,1.88,1.86,1.89,1.84,48.78,1.62
2015-06-03,1.85,1.9,1.9,1.85,51.03,-3.65
2015-06-02,1.92,1.97,1.99,1.92,224.13,-1.03
2015-06-01,1.94,1.83,1.94,1.83,514.06,6.01
2015-05-29,1.83,1.86,1.87,1.83,37.02,0.0
2015-05-28,1.83,1.84,1.85,1.82,109.72,-0.54
2015-05-27,1.84,1.89,1.89,1.84,41.4,-1.6
2015-05-26,1.87,1.9,1.9,1.86,23.62,0.0
2015-05-25,1.87,1.88,1.92,1.85,122.46,-0.53
2015-05-22,1.88,1.86,1.88,1.86,12.29,-0.53
2015-05-21,1.89,1.87,1.89,1.86,24.29,0.53
2015-05-20,1.88,1.88,1.91,1.87,23.94,-1.05
2015-05-19,1.9,1.9,1.9,1.88,18.44,-1.04
2015-05-18,1.92,1.92,1.92,1.89,33.08,2.13
2015-05-15,1.88,1.88,1.93,1.88,287.01,0.0
2015-05-14,1.88,1.86,1.9,1.86,44.89,0.53
2015-05-13,1.87,1.88,1.93,1.86,74.77,-1.06
2015-05-12,1.89,1.93,1.93,1.88,159.8,-2.07
2015-05-11,1.93,1.95,1.95,1.9,55.49,0.52
2015-05-08,1.92,1.94,1.96,1.9,70.54,-1.03
2015-05-07,1.94,1.92,1.97,1.89,210.77,2.11
2015-05-06,1.9,1.92,1.93,1.9,36.3,-1.04
2015-05-05,1.92,1.92,1.93,1.9,32.48,-0.52
2015-05-04,1.93,1.96,1.96,1.93,19.02,-2.03
2015-04-30,1.97,1.98,1.98,1.93,105.09,0.51
2015-04-29,1.96,1.97,1.99,1.94,33.84,0.0
2015-04-28,1.96,1.99,1.99,1.94,118.57,0.0
2015-04-27,1.96,2.02,2.02,1.96,31.95,-2.0
2015-04-24,2.0,1.99,2.0,1.98,31.88,0.5
2015-04-23,1.99,2.05,2.05,1.99,103.52,-1.97
2015-04-22,2.03,2.05,2.06,2.0,51.94,-1.46
2015-04-21,2.06,2.1,2.1,2.05,12.95,-0.48
2015-04-20,2.07,2.08,2.14,2.06,192.23,1.47
2015-04-17,2.04,2.04,2.06,2.03,108.59,0.49
2015-04-16,2.03,2.01,2.06,1.98,290.66,1.5
2015-04-15,2.0,2.04,2.04,1.98,163.79,-1.96
2015-04-14,2.04,2.03,2.09,1.99,956.62,3.03
2015-04-13,1.98,1.89,1.98,1.88,532.52,5.88
2015-04-10,1.87,1.8,1.88,1.8,96.2,2.75
2015-04-08,1.82,1.81,1.85,1.79,127.36,0.0
2015-04-07,1.82,1.84,1.84,1.8,77.84,-1.62
2015-04-06,1.85,1.89,1.89,1.84,162.48,-2.12
2015-04-03,1.89,1.92,1.92,1.89,54.05,-1.56
2015-04-02,1.92,1.91,1.93,1.91,78.64,0.52
2015-04-01,1.91,1.93,1.94,1.91,10.01,0.0
2015-03-31,1.91,1.94,1.94,1.91,6.8,-2.05
2015-03-30,1.95,1.92,1.97,1.91,72.81,1.56
2015-03-27,1.92,1.93,1.93,1.92,19.64,0.0
2015-03-26,1.92,1.93,1.93,1.91,35.31,-0.52
2015-03-25,1.93,1.95,1.95,1.91,29.71,0.0
2015-03-24,1.93,1.96,1.98,1.93,55.09,-0.52
2015-03-23,1.94,1.86,1.94,1.86,159.16,4.3
2015-03-19,1.86,1.85,1.9,1.85,103.98,1.09
2015-03-18,1.84,1.92,1.95,1.84,112.87,-4.17
2015-03-17,1.92,1.88,1.92,1.85,115.6,2.13
2015-03-16,1.88,1.96,1.96,1.88,163.18,-3.09
2015-03-13,1.94,1.96,1.98,1.92,94.25,-1.02
2015-03-12,1.96,1.98,2.0,1.96,63.83,-1.01
2015-03-11,1.98,2.0,2.02,1.98,61.49,-0.5
2015-03-10,1.99,2.04,2.04,1.99,43.5,-2.45
2015-03-09,2.04,2.02,2.05,1.98,95.91,0.0
2015-03-06,2.04,2.04,2.04,2.0,26.73,0.0
2015-03-05,2.04,2.0,2.04,1.98,59.98,2.0
2015-03-04,2.0,2.01,2.02,1.99,46.58,-0.5
2015-03-03,2.01,2.02,2.02,1.99,58.3,0.0
2015-03-02,2.01,2.04,2.04,1.99,102.56,-1.47
2015-02-27,2.04,2.1,2.1,2.04,87.6,-1.45
2015-02-26,2.07,2.09,2.1,2.06,81.31,-1.43
2015-02-25,2.1,2.12,2.12,2.07,61.23,-0.47
2015-02-24,2.11,2.11,2.14,2.1,46.26,0.48
2015-02-23,2.1,2.11,2.11,2.08,18.68,0.96
2015-02-20,2.08,2.09,2.12,2.08,126.02,0.97
2015-02-19,2.06,2.06,2.08,2.06,90.21,-0.96
2015-02-18,2.08,2.07,2.1,2.06,32.6,0.0
2015-02-17,2.08,2.09,2.09,2.07,47.93,0.0
2015-02-16,2.08,2.1,2.1,2.06,99.25,0.48
2015-02-13,2.07,2.06,2.11,2.05,51.34,-1.43
2015-02-12,2.1,2.18,2.18,2.09,112.97,-3.67
2015-02-11,2.18,2.24,2.24,2.16,262.9,1.4
2015-02-10,2.15,2.03,2.15,2.03,225.44,5.91
2015-02-09,2.03,2.03,2.04,1.98,215.34,0.0
2015-02-06,2.03,2.06,2.06,2.0,320.01,-0.98
2015-02-05,2.05,2.07,2.08,2.05,205.95,-1.44
2015-02-04,2.08,2.1,2.1,2.08,163.57,-0.95
2015-02-03,2.1,2.12,2.14,2.09,64.89,-0.94
2015-02-02,2.12,2.18,2.18,2.12,127.69,-0.47
2015-01-30,2.13,2.12,2.15,2.1,86.42,1.43
2015-01-29,2.1,2.1,2.16,2.09,99.08,0.48
2015-01-28,2.09,2.14,2.14,2.09,164.2,-1.88
2015-01-27,2.13,2.15,2.16,2.12,67.17,-1.39
2015-01-26,2.16,2.18,2.18,2.15,113.24,-0.92
2015-01-23,2.18,2.17,2.19,2.17,157.57,0.46
2015-01-22,2.17,2.17,2.19,2.13,112.33,-0.46
2015-01-21,2.18,2.2,2.25,2.17,114.16,-1.8
2015-01-20,2.22,2.25,2.28,2.2,164.5,-2.2
2015-01-19,2.27,2.28,2.33,2.23,276.6,0.0
2015-01-16,2.27,2.21,2.27,2.15,3.41,3.65
2015-01-15,2.19,2.25,2.26,2.19,403.54,-2.67
2015-01-13,2.25,2.26,2.28,2.23,374.52,2.27
2015-01-12,2.2,2.15,2.21,2.15,473.11,3.77
2015-01-09,2.12,2.14,2.17,2.08,2.64,-0.93
2015-01-08,2.14,2.17,2.17,2.08,1.98,-1.83
2015-01-07,2.18,2.24,2.24,2.18,1.17,-2.68
2015-01-06,2.24,2.28,2.29,2.22,204.27,-2.18
2015-01-05,2.29,2.39,2.4,2.29,307.84,-3.78
2015-01-02,2.38,2.45,2.5,2.38,201.73,-1.65
2014-12-31,2.42,2.49,2.49,2.42,546.13,-2.42
2014-12-30,2.48,2.5,2.5,2.46,107.08,-0.8
2014-12-29,2.5,2.54,2.54,2.48,47.88,-0.79
2014-12-26,2.52,2.54,2.54,2.5,85.78,0.0
2014-12-25,2.52,2.54,2.58,2.52,91.63,-0.79
2014-12-24,2.54,2.64,2.64,2.53,80.69,-1.55
2014-12-23,2.58,2.64,2.68,2.57,175.19,-3.01
2014-12-22,2.66,2.74,2.74,2.63,120.96,1.14
2014-12-19,2.63,2.67,2.7,2.63,448.49,1.15
2014-12-18,2.6,2.5,2.6,2.5,197.86,4.0
2014-12-17,2.5,2.52,2.53,2.49,110.56,0.81
2014-12-16,2.48,2.5,2.53,2.47,51.8,0.0
2014-12-15,2.48,2.45,2.5,2.45,28.11,1.64
2014-12-12,2.44,2.45,2.45,2.42,51.16,0.0
2014-12-11,2.44,2.45,2.46,2.41,39.1,-0.41
2014-12-10,2.45,2.47,2.47,2.44,90.58,-0.81
2014-12-09,2.47,2.48,2.49,2.47,38.53,-0.4
2014-12-08,2.48,2.47,2.48,2.47,42.95,-0.4
2014-12-05,2.49,2.52,2.52,2.48,51.49,-0.4
2014-12-04,2.5,2.49,2.5,2.46,57.8,0.0
2014-12-03,2.5,2.5,2.51,2.47,362.55,0.0
2014-12-02,2.5,2.52,2.54,2.49,21.65,0.4
2014-12-01,2.49,2.53,2.53,2.49,20.87,0.0
2014-11-28,2.49,2.54,2.54,2.49,36.02,-1.58
2014-11-27,2.53,2.54,2.55,2.47,772.71,1.2
2014-11-26,2.5,2.54,2.55,2.49,72.35,-2.72
2014-11-25,2.57,2.67,2.67,2.55,100.77,-2.28
2014-11-24,2.63,2.6,2.67,2.55,593.56,3.14
2014-11-21,2.55,2.55,2.57,2.5,120.01,2.0
2014-11-20,2.5,2.51,2.51,2.48,117.87,0.81
2014-11-19,2.48,2.54,2.54,2.47,80.45,-0.4
2014-11-18,2.49,2.5,2.57,2.49,134.43,0.0
2014-11-17,2.49,2.48,2.53,2.41,1.18,0.4
2014-11-14,2.48,2.55,2.55,2.48,198.66,-2.75
2014-11-13,2.55,2.62,2.62,2.55,265.85,-1.54
2014-11-12,2.59,2.59,2.66,2.55,24.2,0.0
2014-11-11,2.59,2.67,2.67,2.59,231.48,-1.52
2014-11-10,2.63,2.68,2.68,2.63,138.38,-1.87
2014-11-07,2.68,2.68,2.69,2.65,139.93,0.0
2014-11-06,2.68,2.69,2.7,2.67,50.66,-0.74
2014-11-05,2.7,2.67,2.71,2.67,75.59,0.75
2014-11-04,2.68,2.68,2.68,2.64,194.64,0.0
2014-11-03,2.68,2.7,2.74,2.65,159.8,-0.37
2014-10-31,2.69,2.7,2.73,2.67,423.91,-0.37
2014-10-30,2.7,2.74,2.74,2.68,195.82,0.0
2014-10-29,2.7,2.77,2.77,2.69,191.5,0.0
2014-10-28,2.7,2.77,2.79,2.7,424.26,0.0
2014-10-27,2.7,2.68,2.76,2.68,415.37,2.66
2014-10-23,2.63,2.66,2.66,2.59,206.72,-1.13
2014-10-22,2.66,2.74,2.74,2.66,250.63,-1.48
2014-10-21,2.7,2.73,2.76,2.69,90.78,0.0
2014-10-20,2.7,2.76,2.8,2.69,638.27,-2.17
2014-10-17,2.76,2.75,2.8,2.74,28.39,0.0
2014-10-16,2.76,2.81,2.81,2.75,113.67,-1.78
2014-10-14,2.81,2.78,2.83,2.77,368.06,1.08
2014-10-13,2.78,2.77,2.78,2.73,137.68,0.36
2014-10-10,2.77,2.76,2.78,2.72,135.62,-0.36
2014-10-09,2.78,2.78,2.78,2.73,59.57,0.36
2014-10-08,2.77,2.72,2.78,2.72,41.28,0.73
2014-10-07,2.75,2.78,2.78,2.72,44.97,0.36
2014-10-06,2.74,2.79,2.79,2.71,58.4,-0.36
2014-10-03,2.75,2.76,2.76,2.73,15.41,-0.36
2014-10-02,2.76,2.77,2.79,2.74,11.51,0.36
2014-10-01,2.75,2.74,2.76,2.74,19.18,0.36
2014-09-30,2.74,2.74,2.74,2.72,40.85,0.0
2014-09-29,2.74,2.76,2.76,2.73,30.37,0.0
2014-09-26,2.74,2.78,2.8,2.7,802.94,-2.14
2014-09-25,2.8,2.82,2.82,2.78,14.54,-0.36
2014-09-24,2.81,2.81,2.82,2.79,54.46,0.36
2014-09-23,2.8,2.74,2.81,2.73,38.61,2.56
2014-09-22,2.73,2.75,2.78,2.73,45.21,-1.09
2014-09-19,2.76,2.74,2.8,2.71,65.05,1.47
2014-09-18,2.72,2.79,2.79,2.71,181.8,-2.51
2014-09-17,2.79,2.78,2.82,2.75,80.05,0.36
2014-09-16,2.78,2.83,2.86,2.78,103.71,-1.77
2014-09-15,2.83,2.85,2.87,2.83,57.71,-0.7
2014-09-12,2.85,2.85,2.89,2.83,79.01,0.0
2014-09-11,2.85,2.9,2.9,2.82,1.13,-1.72
2014-09-10,2.9,2.96,2.96,2.9,100.04,-2.68
2014-09-09,2.98,2.99,2.99,2.95,8.94,-0.33
2014-09-08,2.99,2.99,2.99,2.94,162.17,0.0
2014-09-05,2.99,3.01,3.02,2.98,65.45,-0.66
2014-09-04,3.01,3.02,3.03,3.0,62.26,-0.33
2014-09-03,3.02,3.04,3.04,3.0,410.08,-0.66
2014-09-02,3.04,3.08,3.08,3.02,203.6,-0.33
2014-09-01,3.05,3.05,3.05,3.03,27.55,0.0
2014-08-29,3.05,3.05,3.08,3.05,51.13,-0.33
2014-08-28,3.06,3.06,3.06,3.05,60.02,0.0
2014-08-27,3.06,3.09,3.09,3.05,38.27,-0.97
2014-08-26,3.09,3.07,3.09,3.0,453.9,3.0
2014-08-25,3.0,3.07,3.09,3.0,192.63,-2.6
2014-08-22,3.08,3.1,3.11,3.08,36.66,-0.65
2014-08-21,3.1,3.1,3.17,3.08,128.24,0.0
2014-08-20,3.1,3.19,3.19,3.1,363.27,-2.82
2014-08-19,3.19,3.15,3.19,3.13,34.66,1.59
2014-08-18,3.14,3.11,3.15,3.11,33.16,0.96
2014-08-15,3.11,3.15,3.16,3.1,53.62,-1.27
2014-08-14,3.15,3.14,3.17,3.14,6.13,0.32
2014-08-12,3.14,3.15,3.19,3.13,8.05,0.32
2014-08-11,3.13,3.2,3.2,3.13,30.14,-0.63
2014-08-08,3.15,3.2,3.2,3.13,6.48,-0.63
2014-08-07,3.17,3.13,3.17,3.12,37.84,1.28
2014-08-06,3.13,3.13,3.16,3.09,708.2,-1.26
2014-08-05,3.17,3.15,3.21,3.12,81.16,-1.25
2014-08-04,3.21,3.21,3.29,3.21,17.21,-2.73
2014-08-01,3.3,3.27,3.3,3.2,45.98,0.0
2014-07-31,3.3,3.34,3.34,3.27,72.66,-1.49
2014-07-24,3.35,3.43,3.43,3.33,86.18,-1.76
2014-07-23,3.41,3.47,3.56,3.41,167.28,-1.73
2014-07-22,3.47,3.38,3.51,3.38,602.78,2.97
2014-07-21,3.37,3.24,3.38,3.24,215.21,4.01
2014-07-18,3.24,3.17,3.25,3.17,182.48,1.89
2014-07-17,3.18,3.17,3.18,3.15,130.52,0.32
2014-07-16,3.17,3.15,3.17,3.13,96.14,0.63
2014-07-15,3.15,3.12,3.15,3.12,28.67,0.0
2014-07-14,3.15,3.16,3.16,3.14,92.28,0.0
2014-07-11,3.15,3.11,3.16,3.11,52.97,0.32
2014-07-10,3.14,3.13,3.15,3.09,13.22,1.29
2014-07-09,3.1,3.14,3.15,3.1,3.24,-1.27
2014-07-08,3.14,3.14,3.15,3.08,24.39,0.0
2014-07-07,3.14,3.15,3.16,3.12,161.48,0.0
2014-07-04,3.14,3.1,3.17,3.1,186.62,0.64
2014-07-03,3.12,3.11,3.12,3.08,24.58,0.0
2014-07-02,3.12,3.1,3.14,3.07,25.31,1.3
2014-07-01,3.08,3.1,3.1,3.05,35.31,-0.65
2014-06-30,3.1,3.08,3.14,3.07,11.55,0.65
2014-06-27,3.08,3.1,3.13,3.08,14.6,0.0
2014-06-26,3.08,3.11,3.15,3.05,119.52,-1.6
2014-06-25,3.13,3.16,3.16,3.1,56.28,0.0
2014-06-24,3.13,3.17,3.19,3.11,66.44,-1.57
2014-06-23,3.18,3.17,3.24,3.17,101.79,0.63
2014-06-20,3.16,3.13,3.16,3.13,115.74,1.61
2014-06-19,3.11,3.12,3.14,3.1,65.98,0.65
2014-06-18,3.09,3.1,3.14,3.08,73.73,0.32
2014-06-17,3.08,3.02,3.1,3.0,114.14,1.99
2014-06-16,3.02,2.99,3.07,2.99,110.71,1.0
2014-06-13,2.99,3.06,3.06,2.98,128.22,-5.08
2014-06-12,3.15,3.27,3.28,3.15,457.09,1.94
2014-06-10,3.09,2.93,3.09,2.93,372.87,5.82
2014-06-09,2.92,2.81,2.92,2.81,60.36,3.18
2014-06-06,2.83,2.82,2.85,2.78,13.55,0.71
2014-06-05,2.81,2.86,2.86,2.79,14.58,-1.06
2014-06-04,2.84,2.81,2.85,2.8,15.49,1.43
2014-06-03,2.8,2.76,2.88,2.76,92.59,1.45
2014-06-02,2.76,2.8,2.8,2.72,86.81,-1.78
2014-05-30,2.81,2.81,2.83,2.8,12.58,-1.06
2014-05-29,2.84,2.85,2.89,2.8,34.73,-0.35
2014-05-28,2.85,2.92,2.92,2.85,79.31,-2.73
2014-05-27,2.93,2.96,2.96,2.89,110.41,0.0
2014-05-26,2.93,2.95,2.98,2.93,86.94,-1.01
2014-05-23,2.96,3.0,3.01,2.96,50.47,-1.99
2014-05-22,3.02,3.02,3.03,3.01,4.6,0.0
2014-05-21,3.02,3.03,3.07,3.01,24.22,-0.33
2014-05-20,3.03,3.04,3.07,3.03,25.31,0.0
2014-05-19,3.03,3.04,3.04,3.01,21.59,0.0
2014-05-16,3.03,3.05,3.05,3.03,6.67,-0.66
2014-05-15,3.05,3.05,3.07,3.03,14.29,0.33
2014-05-14,3.04,3.05,3.05,3.0,63.45,-0.33
2014-05-13,3.05,3.05,3.1,3.05,26.01,0.0
2014-05-12,3.05,3.09,3.12,3.05,38.53,0.0
2014-05-09,3.05,3.07,3.07,3.05,55.3,0.0
2014-05-08,3.05,3.06,3.07,3.05,62.1,0.0
2014-05-07,3.05,3.09,3.09,3.05,99.74,-1.61
2014-05-06,3.1,3.11,3.11,3.1,36.07,-0.32
2014-05-05,3.11,3.1,3.12,3.1,26.3,-1.27
2014-05-02,3.15,3.15,3.15,3.13,9.0,0.0
2014-04-30,3.15,3.13,3.15,3.12,19.87,0.0
2014-04-29,3.15,3.17,3.17,3.13,54.09,-1.56
2014-04-28,3.2,3.21,3.24,3.18,15.28,-1.23
2014-04-25,3.24,3.2,3.24,3.19,17.97,1.25
2014-04-24,3.2,3.22,3.22,3.2,47.22,-1.54
2014-04-23,3.25,3.27,3.28,3.23,14.77,-0.61
2014-04-22,3.27,3.27,3.27,3.24,32.54,0.62
2014-04-21,3.25,3.25,3.29,3.21,81.97,0.93
2014-04-18,3.22,3.25,3.26,3.22,27.04,-0.92
2014-04-17,3.25,3.27,3.27,3.25,43.94,-0.61
2014-04-16,3.27,3.29,3.29,3.25,57.29,0.0
2014-04-15,3.27,3.33,3.33,3.26,202.8,0.0
2014-04-14,3.27,3.28,3.28,3.27,17.7,-0.3
2014-04-11,3.28,3.3,3.31,3.28,33.33,-0.61
2014-04-10,3.3,3.33,3.35,3.3,9.54,0.3
2014-04-08,3.29,3.3,3.32,3.28,85.11,0.3
2014-04-07,3.28,3.32,3.32,3.28,22.7,-1.2
2014-04-04,3.32,3.28,3.32,3.28,29.26,0.91
2014-04-03,3.29,3.3,3.3,3.29,22.88,-0.6
2014-04-02,3.31,3.31,3.32,3.29,61.98,-0.3
2014-04-01,3.32,3.38,3.38,3.31,16.39,0.0
2014-03-31,3.32,3.38,3.38,3.3,23.36,0.3
2014-03-28,3.31,3.3,3.32,3.3,20.87,0.3
2014-03-27,3.3,3.37,3.37,3.3,58.11,-2.08
2014-03-26,3.37,3.4,3.4,3.36,4.01,-0.59
2014-03-25,3.39,3.4,3.4,3.35,25.77,0.3
2014-03-24,3.38,3.36,3.38,3.34,14.63,0.6
2014-03-21,3.36,3.41,3.42,3.36,35.0,-1.75
2014-03-19,3.42,3.44,3.45,3.41,36.89,-0.87
2014-03-18,3.45,3.43,3.48,3.37,373.68,0.58
2014-03-17,3.43,3.45,3.46,3.4,77.72,-0.58
2014-03-14,3.45,3.36,3.46,3.32,387.78,3.92
2014-03-13,3.32,3.33,3.35,3.3,102.29,-0.6
2014-03-12,3.34,3.37,3.37,3.32,14.5,-0.89
2014-03-11,3.37,3.39,3.39,3.35,20.37,-0.59
2014-03-10,3.39,3.36,3.4,3.36,93.74,1.19
2014-03-07,3.35,3.4,3.4,3.35,51.55,-0.89
2014-03-06,3.38,3.45,3.47,3.36,61.41,-2.03
2014-03-05,3.45,3.31,3.45,3.3,225.99,3.92
2014-03-04,3.32,3.35,3.35,3.32,58.04,-0.9
2014-03-03,3.35,3.39,3.4,3.35,81.68,-1.18
2014-02-28,3.39,3.4,3.4,3.36,84.15,-0.29
2014-02-27,3.4,3.35,3.45,3.33,119.77,1.49
2014-02-26,3.35,3.31,3.39,3.3,105.72,1.21
2014-02-25,3.31,3.33,3.34,3.31,118.76,-0.6
2014-02-24,3.33,3.38,3.38,3.32,173.76,-1.48
2014-02-21,3.38,3.38,3.39,3.37,193.87,0.0
2014-02-20,3.38,3.4,3.4,3.37,105.04,-0.59
2014-02-19,3.4,3.42,3.43,3.39,125.43,-0.58
2014-02-18,3.42,3.39,3.42,3.37,32.56,0.88
2014-02-17,3.39,3.39,3.4,3.35,99.42,-0.59
2014-02-14,3.41,3.48,3.48,3.39,253.14,-1.16
2014-02-13,3.45,3.55,3.55,3.45,197.95,-0.86
2014-02-12,3.48,3.55,3.58,3.48,590.66,-0.85
2014-02-11,3.51,3.51,3.55,3.5,47.96,0.57
2014-02-10,3.49,3.49,3.5,3.47,88.19,0.0
2014-02-07,3.49,3.48,3.52,3.46,68.78,0.29
2014-02-06,3.48,3.45,3.49,3.44,45.4,1.16
2014-02-05,3.44,3.45,3.5,3.43,33.29,0.58
2014-02-04,3.42,3.45,3.45,3.4,38.92,-0.58
2014-02-03,3.44,3.45,3.5,3.4,26.48,-0.29
2014-01-31,3.45,3.47,3.47,3.45,24.18,-0.58
2014-01-30,3.47,3.5,3.51,3.47,32.72,-0.57
2014-01-29,3.49,3.55,3.55,3.47,36.11,-0.29
2014-01-28,3.5,3.6,3.62,3.5,105.14,-2.78
2014-01-27,3.6,3.55,3.65,3.55,214.35,4.35
2014-01-24,3.45,3.39,3.47,3.38,94.34,1.77
2014-01-23,3.39,3.39,3.39,3.37,48.24,0.0
2014-01-22,3.39,3.4,3.4,3.39,13.81,0.0
2014-01-21,3.39,3.4,3.41,3.38,49.96,-0.29
2014-01-20,3.4,3.41,3.43,3.38,106.14,0.59
2014-01-17,3.38,3.45,3.46,3.38,69.61,-1.17
2014-01-16,3.42,3.45,3.45,3.41,19.13,-1.16
2014-01-15,3.46,3.42,3.48,3.42,25.59,1.17
2014-01-10,3.42,3.4,3.48,3.4,77.26,0.59
2014-01-09,3.4,3.43,3.43,3.38,33.97,-0.58
2014-01-08,3.42,3.45,3.45,3.4,47.26,-0.58
2014-01-07,3.44,3.45,3.46,3.44,10.67,-0.29
2014-01-06,3.45,3.51,3.53,3.45,89.15,-1.43
2014-01-03,3.5,3.44,3.52,3.44,100.1,1.45
2014-01-02,3.45,3.4,3.48,3.38,57.73,3.29
2013-12-31,3.34,3.39,3.39,3.29,254.75,-1.18
2013-12-30,3.38,3.48,3.48,3.38,158.36,-2.87
2013-12-27,3.48,3.48,3.48,3.4,106.62,0.29
2013-12-26,3.47,3.51,3.51,3.46,55.77,-0.29
2013-12-25,3.48,3.44,3.54,3.44,77.81,3.26
2013-12-24,3.37,3.44,3.44,3.35,164.78,-0.88
2013-12-23,3.4,3.38,3.48,3.38,86.55,0.59
2013-12-20,3.38,3.38,3.4,3.36,58.46,0.0
2013-12-19,3.38,3.44,3.45,3.35,65.38,-1.46
2013-12-18,3.43,3.49,3.49,3.4,30.46,-1.44
2013-12-17,3.48,3.5,3.5,3.48,6.67,0.0
2013-12-16,3.48,3.53,3.53,3.48,34.89,-1.14
2013-12-13,3.52,3.54,3.54,3.5,39.44,0.0
2013-12-12,3.52,3.46,3.57,3.45,81.39,1.44
2013-12-11,3.47,3.5,3.5,3.46,35.69,-0.86
2013-12-10,3.5,3.55,3.55,3.49,191.59,-1.41
2013-12-09,3.55,3.58,3.58,3.55,62.87,-0.84
2013-12-06,3.58,3.58,3.58,3.5,284.91,0.0
2013-12-05,3.58,3.6,3.6,3.56,32.73,-0.28
2013-12-04,3.59,3.6,3.6,3.58,13.78,-0.83
2013-12-03,3.62,3.69,3.69,3.58,59.88,0.28
2013-12-02,3.61,3.7,3.7,3.6,56.97,0.28
2013-11-29,3.6,3.65,3.65,3.59,46.82,-1.37
2013-11-28,3.65,3.67,3.67,3.65,35.86,-1.35
2013-11-27,3.7,3.72,3.72,3.67,80.85,0.54
2013-11-26,3.68,3.72,3.72,3.67,22.06,-0.54
2013-11-25,3.7,3.72,3.72,3.69,56.83,-0.54
2013-11-22,3.72,3.69,3.72,3.68,102.97,0.54
2013-11-21,3.7,3.68,3.7,3.68,46.91,0.0
2013-11-20,3.7,3.73,3.73,3.69,36.77,0.0
2013-11-19,3.7,3.74,3.74,3.69,219.24,-1.07
2013-11-18,3.74,3.79,3.79,3.71,28.69,-0.27
2013-11-15,3.75,3.8,3.81,3.74,306.9,-1.32
2013-11-14,3.8,3.82,3.82,3.8,82.25,-0.52
2013-11-13,3.82,3.82,3.83,3.81,28.98,-0.26
2013-11-12,3.83,3.85,3.88,3.81,87.93,-0.26
2013-11-11,3.84,3.85,3.9,3.84,286.53,-0.78
2013-11-08,3.87,3.86,3.87,3.85,62.11,0.26
2013-11-07,3.86,3.86,3.89,3.86,42.13,-0.52
2013-11-06,3.88,3.9,3.9,3.88,30.69,-0.77
2013-11-01,3.91,3.9,3.92,3.9,33.78,0.26
2013-10-31,3.9,3.88,3.92,3.88,19.13,0.52
2013-10-30,3.88,3.92,3.93,3.85,300.74,-1.52
2013-10-29,3.94,3.95,3.95,3.92,99.47,0.25
2013-10-28,3.93,3.9,3.93,3.9,40.72,0.77
2013-10-25,3.9,3.87,3.9,3.87,23.03,0.26
2013-10-24,3.89,3.88,3.89,3.86,47.95,-0.26
2013-10-23,3.9,3.88,3.91,3.88,38.76,0.52
2013-10-22,3.88,3.88,3.9,3.88,57.21,-0.26
2013-10-21,3.89,3.88,3.92,3.88,30.63,-0.26
2013-10-18,3.9,3.9,3.91,3.88,244.16,-1.02
2013-10-14,3.94,3.99,3.99,3.94,108.84,-0.76
2013-10-11,3.97,3.99,3.99,3.97,57.6,-0.75
2013-10-10,4.0,3.99,4.0,3.98,40.84,0.25
2013-10-09,3.99,4.03,4.03,3.98,89.89,-0.99
2013-10-08,4.03,4.03,4.09,4.0,321.72,0.0
2013-10-07,4.03,4.04,4.07,4.0,165.44,0.75
2013-10-04,4.0,4.0,4.0,3.97,89.73,0.0
2013-10-03,4.0,3.96,4.02,3.95,155.2,0.0
2013-10-02,4.0,4.03,4.04,3.95,124.38,0.25
2013-10-01,3.99,3.99,4.0,3.95,80.2,0.76
2013-09-30,3.96,3.92,3.99,3.92,82.59,1.28
2013-09-27,3.91,3.91,3.94,3.91,27.14,0.0
2013-09-26,3.91,3.93,3.94,3.91,34.51,-1.01
2013-09-25,3.95,3.97,4.0,3.95,160.07,-1.25
2013-09-24,4.0,3.99,4.0,3.91,213.53,0.0
2013-09-23,4.0,3.97,4.02,3.9,295.32,0.0
2013-09-20,4.0,4.0,4.0,3.97,70.09,0.0
2013-09-19,4.0,4.01,4.02,4.0,119.65,-1.23
2013-09-18,4.05,4.0,4.06,3.99,456.6,1.5
2013-09-17,3.99,4.02,4.02,3.99,104.03,-0.75
2013-09-16,4.02,4.05,4.05,4.01,51.35,-0.74
2013-09-13,4.05,4.06,4.08,4.02,350.81,0.75
2013-09-12,4.02,4.04,4.08,4.0,343.44,0.0
2013-09-11,4.02,3.94,4.08,3.94,816.46,1.77
2013-09-10,3.95,3.95,3.96,3.93,93.23,-1.0
2013-09-09,3.99,4.0,4.05,3.93,338.07,-0.5
2013-09-06,4.01,3.96,4.06,3.96,934.83,1.52
2013-09-05,3.95,3.8,4.0,3.8,1.68,3.95
2013-09-04,3.8,3.88,3.88,3.8,331.48,-1.3
2013-09-03,3.85,3.9,3.9,3.82,151.58,-1.03
2013-09-02,3.89,3.89,3.93,3.87,190.71,0.78
2013-08-30,3.86,3.75,3.86,3.75,371.35,2.12
2013-08-29,3.78,3.76,3.78,3.74,39.95,-0.26
2013-08-28,3.79,3.8,3.8,3.78,36.96,-0.26
2013-08-27,3.8,3.8,3.83,3.78,68.13,0.0
2013-08-26,3.8,3.86,3.87,3.8,143.83,-1.55
2013-08-23,3.86,3.92,3.92,3.84,107.28,-1.03
2013-08-22,3.9,3.9,3.97,3.9,480.58,2.36
2013-08-21,3.81,3.65,3.81,3.65,714.97,5.83
2013-08-20,3.6,3.61,3.63,3.58,79.38,-0.83
2013-08-19,3.63,3.65,3.65,3.6,79.16,-0.55
2013-08-16,3.65,3.63,3.65,3.6,18.69,0.0
2013-08-15,3.65,3.65,3.65,3.61,8.92,1.39
2013-08-14,3.6,3.58,3.61,3.58,26.08,0.56
2013-08-12,3.58,3.6,3.6,3.58,11.84,-0.28
2013-08-07,3.59,3.6,3.6,3.58,34.77,0.0
2013-08-06,3.59,3.62,3.62,3.58,44.27,-0.55
2013-08-05,3.61,3.65,3.65,3.6,38.75,0.28
2013-08-02,3.6,3.62,3.65,3.6,31.64,-0.55
2013-08-01,3.62,3.54,3.62,3.54,24.04,2.55
2013-07-31,3.53,3.49,3.53,3.45,81.59,1.15
2013-07-30,3.49,3.49,3.5,3.44,110.14,-2.24
2013-07-29,3.57,3.53,3.59,3.43,200.25,-0.83
2013-07-26,3.6,3.62,3.7,3.6,96.84,-4.0
2013-07-24,3.75,3.7,3.75,3.7,129.0,1.35
2013-07-23,3.7,3.64,3.72,3.63,114.63,1.65
2013-07-22,3.64,3.64,3.66,3.64,26.92,0.0
2013-07-19,3.64,3.66,3.66,3.62,151.45,-0.55
2013-07-18,3.66,3.68,3.69,3.65,14.23,-0.81
2013-07-17,3.69,3.66,3.69,3.64,9.23,0.82
2013-07-16,3.66,3.69,3.69,3.65,14.98,-0.81
2013-07-15,3.69,3.72,3.74,3.69,43.02,-1.07
2013-07-12,3.73,3.79,3.8,3.73,72.33,-1.58
2013-07-11,3.79,3.71,3.79,3.71,133.49,1.88
2013-07-10,3.72,3.72,3.74,3.71,15.54,0.27
2013-07-09,3.71,3.71,3.75,3.71,14.48,-1.07
2013-07-08,3.75,3.75,3.78,3.72,73.03,-0.79
2013-07-04,3.78,3.82,3.82,3.77,53.05,-0.53
2013-07-03,3.8,3.84,3.84,3.8,157.16,-1.04
2013-07-02,3.84,3.78,3.86,3.75,345.37,1.32
2013-07-01,3.79,3.79,3.8,3.75,72.52,0.0
2013-06-28,3.79,3.76,3.8,3.71,86.04,0.53
2013-06-27,3.77,3.6,3.77,3.5,1.42,5.01
2013-06-26,3.59,3.63,3.67,3.58,28.75,-1.64
2013-06-25,3.65,3.67,3.68,3.65,27.26,-0.54
2013-06-24,3.67,3.69,3.73,3.67,16.33,-0.81
2013-06-21,3.7,3.68,3.75,3.67,147.46,0.54
2013-06-20,3.68,3.73,3.73,3.67,22.83,-1.34
2013-06-19,3.73,3.74,3.74,3.71,78.8,-0.27
2013-06-18,3.74,3.74,3.76,3.69,100.59,0.0
2013-06-17,3.74,3.74,3.75,3.69,52.01,0.27
2013-06-14,3.73,3.68,3.73,3.68,110.03,1.36
2013-06-13,3.68,3.7,3.7,3.66,39.56,-0.54
2013-06-12,3.7,3.7,3.7,3.67,121.23,0.27
2013-06-11,3.69,3.7,3.7,3.66,108.24,0.54
2013-06-10,3.67,3.68,3.75,3.67,161.33,0.0
2013-06-07,3.67,3.62,3.68,3.56,485.67,1.38
2013-06-06,3.62,3.62,3.65,3.59,164.79,0.0
2013-06-05,3.62,3.56,3.63,3.56,189.36,0.0
2013-06-04,3.62,3.61,3.62,3.6,91.42,0.28
2013-06-03,3.61,3.58,3.64,3.52,187.42,1.12
2013-05-31,3.57,3.55,3.58,3.52,77.52,0.56
2013-05-30,3.55,3.57,3.57,3.5,31.61,-1.11
2013-05-29,3.59,3.62,3.62,3.55,147.47,-0.55
2013-05-28,3.61,3.62,3.64,3.55,123.15,0.28
2013-05-27,3.6,3.51,3.63,3.5,250.16,1.41
2013-05-24,3.55,3.57,3.57,3.5,214.9,-1.11
2013-05-23,3.59,3.6,3.6,3.54,223.47,-0.28
2013-05-22,3.6,3.55,3.61,3.5,442.45,2.86
2013-05-21,3.5,3.31,3.5,3.31,577.28,5.74
2013-05-20,3.31,3.4,3.4,3.3,161.23,-0.9
2013-05-17,3.34,3.36,3.39,3.34,105.15,-0.3
2013-05-16,3.35,3.4,3.44,3.35,194.72,0.0
2013-05-15,3.35,3.37,3.37,3.32,56.28,0.6
2013-05-14,3.33,3.4,3.4,3.33,140.6,-1.77
2013-05-13,3.39,3.41,3.55,3.36,385.27,-4.78
2013-05-10,3.56,3.67,3.67,3.56,114.0,-3.0
2013-05-09,3.67,3.65,3.71,3.6,375.84,0.55
2013-05-08,3.65,3.59,3.65,3.38,1.22,2.53
2013-05-07,3.56,3.48,3.58,3.48,150.57,2.3
2013-05-06,3.48,3.5,3.5,3.45,42.0,0.0
2013-05-03,3.48,3.4,3.5,3.4,120.61,2.35
2013-05-02,3.4,3.48,3.52,3.4,68.01,-0.87
2013-04-30,3.43,3.43,3.43,3.42,22.76,-1.15
2013-04-29,3.47,3.45,3.52,3.42,53.07,0.58
2013-04-26,3.45,3.46,3.46,3.4,28.19,-0.29
2013-04-25,3.46,3.48,3.48,3.44,27.33,0.0
2013-04-24,3.46,3.42,3.48,3.36,75.91,1.17
2013-04-23,3.42,3.34,3.44,3.34,92.89,0.0
2013-04-22,3.42,3.46,3.46,3.37,28.49,-0.29
2013-04-19,3.43,3.5,3.5,3.43,17.12,-1.44
2013-04-18,3.48,3.5,3.51,3.47,101.24,-0.29
2013-04-17,3.49,3.53,3.53,3.48,54.82,-0.85
2013-04-16,3.52,3.5,3.52,3.4,278.35,0.57
2013-04-15,3.5,3.5,3.6,3.5,294.49,0.29
2013-04-12,3.49,3.39,3.49,3.38,355.87,2.95
2013-04-11,3.39,3.45,3.45,3.39,141.0,-1.17
2013-04-10,3.43,3.46,3.46,3.39,159.37,-1.15
2013-04-08,3.47,3.48,3.49,3.43,65.01,-0.29
2013-04-05,3.48,3.45,3.48,3.43,69.31,0.0
2013-04-04,3.48,3.48,3.5,3.45,103.22,0.0
2013-04-03,3.48,3.5,3.5,3.45,81.11,-0.57
2013-04-02,3.5,3.49,3.55,3.49,114.0,0.29
2013-04-01,3.49,3.58,3.58,3.49,260.14,-0.57
2013-03-29,3.51,3.51,3.55,3.48,72.07,-0.28
2013-03-28,3.52,3.63,3.63,3.52,123.8,-3.03
2013-03-27,3.63,3.67,3.76,3.63,228.03,-0.82
2013-03-26,3.66,3.68,3.69,3.66,121.04,-1.08
2013-03-25,3.7,3.69,3.7,3.68,31.62,0.0
2013-03-22,3.7,3.67,3.72,3.67,35.01,0.0
2013-03-21,3.7,3.7,3.7,3.65,133.66,0.82
2013-03-19,3.67,3.75,3.78,3.67,100.29,-2.13
2013-03-18,3.75,3.83,3.83,3.75,103.13,-1.32
2013-03-15,3.8,3.8,3.85,3.78,201.17,0.0
2013-03-14,3.8,3.74,3.8,3.72,217.85,1.6
2013-03-13,3.74,3.74,3.74,3.68,151.65,0.0
2013-03-12,3.74,3.75,3.83,3.68,213.63,-0.27
2013-03-11,3.75,3.7,3.85,3.7,889.42,1.35
2013-03-08,3.7,3.49,3.7,3.44,457.71,5.41
2013-03-07,3.51,3.51,3.55,3.47,26.47,0.0
2013-03-06,3.51,3.57,3.57,3.51,77.45,-1.4
2013-03-05,3.56,3.58,3.58,3.56,42.07,-0.56
2013-03-04,3.58,3.61,3.64,3.56,136.48,1.13
2013-03-01,3.54,3.51,3.56,3.47,223.69,0.85
2013-02-28,3.51,3.45,3.51,3.42,58.47,1.74
2013-02-27,3.45,3.45,3.45,3.41,55.79,0.58
2013-02-26,3.43,3.4,3.43,3.37,115.81,0.0
2013-02-25,3.43,3.45,3.45,3.41,39.99,0.59
2013-02-22,3.41,3.41,3.41,3.38,45.43,-0.87
2013-02-21,3.44,3.44,3.44,3.4,57.86,-0.29
2013-02-20,3.45,3.47,3.48,3.43,203.12,-0.29
2013-02-19,3.46,3.43,3.49,3.43,11.82,0.87
2013-02-18,3.43,3.49,3.51,3.43,12.12,-2.0
2013-02-15,3.5,3.55,3.55,3.48,60.95,0.0
2013-02-14,3.5,3.51,3.51,3.49,32.78,-1.13
2013-02-13,3.54,3.5,3.57,3.5,75.59,1.43
2013-02-12,3.49,3.46,3.5,3.46,48.95,0.87
2013-02-11,3.46,3.48,3.49,3.46,20.05,-0.29
2013-02-08,3.47,3.51,3.51,3.46,44.12,0.29
2013-02-07,3.46,3.47,3.53,3.46,125.06,1.17
2013-02-06,3.42,3.42,3.55,3.42,326.11,-4.47
2013-02-05,3.58,3.56,3.6,3.56,57.96,0.0
2013-02-04,3.58,3.58,3.59,3.56,47.38,-0.28
2013-02-01,3.59,3.6,3.63,3.59,83.97,0.0
2013-01-31,3.59,3.6,3.6,3.59,22.27,-0.28
2013-01-30,3.6,3.61,3.61,3.59,56.08,-0.28
2013-01-29,3.61,3.6,3.61,3.59,20.64,0.28
2013-01-28,3.6,3.66,3.66,3.55,104.98,-0.28
2013-01-25,3.61,3.66,3.66,3.61,40.87,-0.82
2013-01-23,3.64,3.62,3.66,3.61,32.5,0.28
2013-01-22,3.63,3.67,3.69,3.61,38.46,-1.09
2013-01-21,3.67,3.67,3.67,3.65,30.38,0.0
2013-01-18,3.67,3.68,3.69,3.64,29.02,-0.27
2013-01-17,3.68,3.72,3.72,3.68,58.41,-0.54
2013-01-16,3.7,3.61,3.7,3.61,348.91,2.78
2013-01-15,3.6,3.63,3.66,3.6,22.11,0.0
2013-01-11,3.6,3.6,3.62,3.58,94.56,0.28
2013-01-10,3.59,3.55,3.59,3.55,139.3,1.13
2013-01-09,3.55,3.58,3.58,3.49,29.72,0.0
2013-01-08,3.55,3.56,3.56,3.51,55.04,-0.84
2013-01-07,3.58,3.65,3.66,3.56,27.56,-2.19
2013-01-04,3.66,3.7,3.72,3.66,140.87,-0.27
2013-01-03,3.67,3.6,3.69,3.6,151.07,2.23
2013-01-02,3.59,3.52,3.59,3.45,118.78,4.06
2012-12-31,3.45,3.47,3.51,3.44,85.77,0.0
2012-12-28,3.45,3.38,3.48,3.38,162.18,2.07
2012-12-27,3.38,3.48,3.48,3.38,97.78,-3.15
2012-12-26,3.49,3.51,3.53,3.35,148.77,-1.13
2012-12-25,3.53,3.64,3.64,3.53,85.34,-1.12
2012-12-24,3.57,3.68,3.69,3.57,197.92,-2.99
2012-12-21,3.68,3.69,3.7,3.67,4.6,0.0
2012-12-20,3.68,3.69,3.72,3.68,26.7,0.0
2012-12-19,3.68,3.67,3.7,3.67,21.61,0.0
2012-12-18,3.68,3.69,3.69,3.68,51.27,-0.27
2012-12-17,3.69,3.73,3.73,3.69,49.97,-1.6
2012-12-14,3.75,3.75,3.75,3.74,7.12,0.0
2012-12-13,3.75,3.8,3.8,3.73,15.38,0.54
2012-12-12,3.73,3.7,3.79,3.7,76.46,1.08
2012-12-11,3.69,3.7,3.7,3.69,54.75,-0.27
2012-12-10,3.7,3.71,3.79,3.7,11.69,-0.27
2012-12-07,3.71,3.69,3.75,3.69,72.65,0.27
2012-12-06,3.7,3.71,3.71,3.69,51.54,-0.27
2012-12-05,3.71,3.75,3.75,3.68,168.62,-2.37
2012-12-04,3.8,3.8,3.83,3.78,158.52,0.0
2012-12-03,3.8,3.91,3.91,3.8,96.67,0.0
2012-11-30,3.8,3.78,3.84,3.78,74.55,0.53
2012-11-29,3.78,3.84,3.84,3.74,161.83,-1.56
2012-11-28,3.84,3.85,3.9,3.84,56.02,0.0
2012-11-27,3.84,3.9,3.9,3.84,139.97,-2.54
2012-11-26,3.94,4.03,4.03,3.91,66.42,-1.5
2012-11-23,4.0,4.07,4.07,3.99,128.66,-1.23
2012-11-22,4.05,4.07,4.1,4.02,278.1,-1.22
2012-11-21,4.1,4.12,4.13,4.05,173.64,-0.24
2012-11-20,4.11,4.09,4.18,4.07,814.26,0.98
2012-11-19,4.07,4.01,4.12,4.01,587.3,2.01
2012-11-14,3.99,3.97,4.02,3.97,392.72,0.5
2012-11-13,3.97,3.97,3.97,3.96,93.44,0.25
2012-11-12,3.96,3.96,3.98,3.96,156.75,0.51
2012-11-09,3.94,3.95,3.95,3.93,136.01,0.0
2012-11-08,3.94,3.96,3.97,3.94,108.67,-0.25
2012-11-07,3.95,3.94,3.97,3.91,259.05,0.77
2012-11-06,3.92,3.96,3.96,3.9,145.93,-0.51
2012-11-05,3.94,3.91,3.98,3.91,244.88,1.55
2012-11-02,3.88,3.88,3.88,3.86,34.18,0.0
2012-11-01,3.88,3.9,3.9,3.86,12.85,-0.26
2012-10-31,3.89,3.89,3.89,3.88,15.88,0.0
2012-10-30,3.89,3.97,3.98,3.89,76.79,-1.77
2012-10-29,3.96,3.86,4.0,3.86,334.7,2.59
2012-10-25,3.86,3.81,3.88,3.81,51.12,0.26
2012-10-24,3.85,3.88,3.88,3.8,36.68,1.05
2012-10-23,3.81,3.74,3.82,3.74,75.83,2.14
2012-10-22,3.73,3.7,3.74,3.69,26.01,0.81
2012-10-19,3.7,3.74,3.74,3.7,40.97,-1.07
2012-10-18,3.74,3.75,3.75,3.73,61.37,-1.06
2012-10-17,3.78,3.79,3.79,3.74,24.54,-0.26
2012-10-16,3.79,3.75,3.79,3.75,43.63,1.07
2012-10-12,3.75,3.7,3.75,3.68,56.73,1.63
2012-10-11,3.69,3.75,3.77,3.69,76.97,-1.6
2012-10-10,3.75,3.78,3.78,3.75,19.87,-0.79
2012-10-09,3.78,3.79,3.79,3.75,15.66,-0.53
2012-10-08,3.8,3.8,3.8,3.77,15.08,-0.52
2012-10-05,3.82,3.77,3.82,3.77,41.78,1.33
2012-10-04,3.77,3.75,3.77,3.72,56.45,0.53
2012-10-03,3.75,3.77,3.77,3.73,42.89,-0.53
2012-10-02,3.77,3.75,3.77,3.73,28.23,0.0
2012-10-01,3.77,3.77,3.78,3.75,17.78,-0.26
2012-09-28,3.78,3.8,3.8,3.78,54.05,-0.79
2012-09-27,3.81,3.8,3.81,3.77,10.29,0.26
2012-09-26,3.8,3.82,3.82,3.77,48.22,-0.52
2012-09-25,3.82,3.86,3.86,3.8,6.52,-0.52
2012-09-24,3.84,3.87,3.87,3.82,6.43,0.0
2012-09-21,3.84,3.84,3.87,3.82,91.54,0.52
2012-09-20,3.82,3.75,3.85,3.68,81.94,1.06
2012-09-19,3.78,3.85,3.85,3.74,103.21,-1.82
2012-09-18,3.85,3.89,3.89,3.85,14.39,-1.28
2012-09-17,3.9,3.87,3.9,3.82,35.27,0.52
2012-09-14,3.88,3.9,3.9,3.87,29.79,-0.51
2012-09-13,3.9,3.9,3.91,3.86,58.98,0.0
2012-09-12,3.9,3.92,3.92,3.88,43.79,-0.51
2012-09-11,3.92,3.96,3.96,3.9,59.89,-1.01
2012-09-10,3.96,4.01,4.01,3.96,9.71,-1.0
2012-09-07,4.0,3.97,4.02,3.97,85.94,0.0
2012-09-06,4.0,4.01,4.03,3.97,60.44,0.0
2012-09-05,4.0,3.97,4.02,3.95,93.34,1.01
2012-09-04,3.96,3.95,3.97,3.94,96.73,0.25
2012-09-03,3.95,3.93,3.95,3.89,65.77,0.25
2012-08-31,3.94,3.86,3.97,3.86,401.64,2.07
2012-08-30,3.86,3.83,3.86,3.83,55.07,0.52
2012-08-29,3.84,3.83,3.88,3.83,76.5,0.0
2012-08-28,3.84,3.85,3.85,3.82,13.07,-0.26
2012-08-27,3.85,3.85,3.87,3.85,23.95,-0.26
2012-08-24,3.86,3.85,3.86,3.82,44.23,0.0
2012-08-23,3.86,3.88,3.9,3.86,38.86,-1.03
2012-08-22,3.9,3.9,3.9,3.88,115.58,0.0
2012-08-21,3.9,3.93,3.93,3.9,47.28,-0.76
2012-08-17,3.93,3.91,3.93,3.9,38.98,0.0
2012-08-16,3.93,3.93,3.94,3.92,54.81,-0.25
2012-08-15,3.94,3.99,3.99,3.94,43.03,-1.25
2012-08-14,3.99,3.95,4.0,3.95,90.03,0.0
2012-08-10,3.99,4.02,4.02,3.97,128.11,-0.75
2012-08-09,4.02,4.0,4.04,4.0,83.22,-0.5
2012-08-08,4.04,4.03,4.04,4.0,98.01,0.0
2012-08-07,4.04,4.0,4.07,4.0,69.73,-0.74
2012-08-06,4.07,4.07,4.09,4.0,110.53,0.0
2012-08-03,4.07,4.02,4.08,4.0,160.66,0.49
2012-08-02,4.05,4.0,4.07,3.96,172.61,0.25
2012-08-01,4.04,4.07,4.07,3.97,144.75,-0.25
2012-07-31,4.05,4.09,4.14,4.0,357.1,-1.46
2012-07-30,4.11,4.21,4.29,4.09,809.06,0.49
2012-07-27,4.09,4.06,4.12,4.06,1.46,5.14
2012-07-26,3.89,3.78,3.89,3.76,330.29,3.46
2012-07-24,3.76,3.75,3.78,3.73,115.6,0.0
2012-07-23,3.76,3.71,3.78,3.71,102.33,0.8
2012-07-20,3.73,3.7,3.73,3.69,69.93,0.81
2012-07-19,3.7,3.72,3.72,3.69,24.02,-0.54
2012-07-18,3.72,3.62,3.72,3.59,183.53,2.76
2012-07-17,3.62,3.62,3.63,3.61,70.2,-0.55
2012-07-16,3.64,3.59,3.64,3.59,45.72,0.83
2012-07-13,3.61,3.58,3.61,3.57,40.2,0.84
2012-07-12,3.58,3.59,3.59,3.56,36.79,-0.28
2012-07-11,3.59,3.62,3.62,3.58,32.15,-0.83
2012-07-10,3.62,3.64,3.64,3.59,36.06,-0.28
2012-07-09,3.63,3.69,3.7,3.62,84.06,0.55
2012-07-06,3.61,3.65,3.65,3.6,31.51,0.0
2012-07-05,3.61,3.6,3.65,3.6,15.62,-1.1
2012-07-04,3.65,3.66,3.66,3.61,16.74,0.27
2012-07-03,3.64,3.58,3.64,3.58,12.12,2.82
2012-07-02,3.54,3.59,3.59,3.54,8.39,0.57
2012-06-29,3.52,3.56,3.56,3.52,61.53,-1.12
2012-06-28,3.56,3.58,3.6,3.54,57.88,-1.11
2012-06-27,3.6,3.65,3.65,3.6,25.89,-0.83
2012-06-26,3.63,3.58,3.66,3.58,57.29,-0.27
2012-06-25,3.64,3.67,3.69,3.64,42.88,-1.36
2012-06-22,3.69,3.69,3.75,3.68,32.4,-0.27
2012-06-21,3.7,3.74,3.74,3.69,60.03,-1.07
2012-06-20,3.74,3.73,3.77,3.72,52.85,-0.8
2012-06-19,3.77,3.75,3.77,3.71,26.96,0.53
2012-06-18,3.75,3.72,3.76,3.72,22.02,-0.53
2012-06-15,3.77,3.74,3.77,3.7,61.85,0.27
2012-06-14,3.76,3.73,3.77,3.71,68.46,0.27
2012-06-13,3.75,3.69,3.76,3.66,95.92,1.63
2012-06-12,3.69,3.71,3.71,3.69,71.7,-0.54
2012-06-11,3.71,3.8,3.8,3.7,61.01,-2.37
2012-06-08,3.8,3.81,3.81,3.75,14.85,-0.52
2012-06-07,3.82,3.82,3.82,3.8,19.04,0.53
2012-06-06,3.8,3.8,3.81,3.73,30.23,0.26
2012-06-05,3.79,3.71,3.8,3.71,88.05,2.16
2012-06-04,3.71,3.7,3.72,3.7,44.41,-0.27
2012-06-01,3.72,3.72,3.74,3.69,61.75,0.0
2012-05-31,3.72,3.74,3.74,3.7,40.18,-0.27
2012-05-30,3.73,3.76,3.76,3.73,21.26,-0.27
2012-05-29,3.74,3.66,3.76,3.66,68.27,2.19
2012-05-28,3.66,3.75,3.75,3.65,183.63,-2.4
2012-05-25,3.75,3.77,3.79,3.75,62.13,-0.53
2012-05-24,3.77,3.79,3.79,3.77,62.61,-0.26
2012-05-23,3.78,3.85,3.85,3.78,52.85,-0.79
2012-05-22,3.81,3.8,3.82,3.78,81.85,0.26
2012-05-21,3.8,3.79,3.83,3.79,57.1,0.0
2012-05-18,3.8,3.8,3.83,3.78,95.25,0.26
2012-05-17,3.79,3.86,3.86,3.79,37.92,-0.26
2012-05-16,3.8,3.81,3.89,3.77,212.31,-0.26
2012-05-15,3.81,3.8,3.87,3.77,209.87,0.26
2012-05-14,3.8,3.88,3.88,3.79,168.9,-1.81
2012-05-11,3.87,3.86,3.87,3.83,127.97,0.0
2012-05-10,3.87,3.86,3.88,3.83,88.91,0.26
2012-05-09,3.86,3.9,3.9,3.86,83.85,-1.03
2012-05-08,3.9,3.9,3.9,3.87,138.23,-0.76
2012-05-07,3.93,3.93,3.97,3.89,106.11,0.0
2012-05-04,3.93,3.98,3.99,3.86,348.11,-1.26
2012-05-03,3.98,4.04,4.04,3.95,92.63,-0.5
2012-05-02,4.0,3.99,4.09,3.96,116.35,0.25
2012-04-30,3.99,3.98,4.0,3.9,260.15,0.25
2012-04-27,3.98,4.0,4.01,3.92,155.98,0.0
2012-04-26,3.98,4.05,4.08,3.98,210.57,-2.21
2012-04-25,4.07,4.09,4.19,4.03,668.24,0.49
2012-04-24,4.05,3.97,4.05,3.94,657.13,3.05
2012-04-23,3.93,3.99,3.99,3.89,211.12,-1.5
2012-04-20,3.99,3.9,3.99,3.87,383.87,2.31
2012-04-19,3.9,3.9,3.98,3.85,431.48,0.26
2012-04-18,3.89,3.87,3.9,3.85,265.29,1.04
2012-04-17,3.85,3.81,3.91,3.81,382.23,1.05
2012-04-16,3.81,3.8,3.85,3.76,436.02,0.26
2012-04-13,3.8,3.84,3.9,3.76,674.17,1.88
2012-04-12,3.73,3.53,3.73,3.52,402.45,5.67
2012-04-11,3.53,3.6,3.6,3.52,133.26,-1.94
2012-04-10,3.6,3.7,3.73,3.6,168.18,-2.44
2012-04-06,3.69,3.48,3.69,3.48,407.88,5.43
2012-04-05,3.5,3.54,3.55,3.47,346.17,-1.41
2012-04-04,3.55,3.66,3.66,3.55,316.4,-2.47
2012-04-03,3.64,3.69,3.74,3.64,244.83,-1.36
2012-04-02,3.69,3.63,3.72,3.63,254.88,2.5
2012-03-30,3.6,3.7,3.7,3.6,770.18,-2.7
2012-03-29,3.7,3.7,3.7,3.68,148.85,-0.27
2012-03-28,3.71,3.71,3.71,3.69,93.38,0.0
2012-03-27,3.71,3.73,3.75,3.7,106.54,-0.54
2012-03-26,3.73,3.75,3.75,3.7,149.58,0.0
2012-03-23,3.73,3.73,3.74,3.72,53.27,0.27
2012-03-22,3.72,3.75,3.79,3.72,31.6,-1.06
2012-03-21,3.76,3.72,3.76,3.69,149.23,1.08
2012-03-19,3.72,3.77,3.77,3.72,214.53,-1.06
2012-03-16,3.76,3.77,3.79,3.75,64.08,-0.27
2012-03-15,3.77,3.76,3.77,3.76,141.94,-0.53
2012-03-14,3.79,3.76,3.8,3.74,123.82,0.8
2012-03-13,3.76,3.8,3.8,3.74,156.53,-3.59
2012-03-12,3.9,3.9,3.91,3.87,184.69,-0.76
2012-03-09,3.93,3.92,3.93,3.9,65.73,0.26
2012-03-08,3.92,3.94,3.94,3.92,51.7,-0.76
2012-03-07,3.95,3.92,3.97,3.9,120.14,0.77
2012-03-06,3.92,3.96,3.96,3.91,138.53,-1.26
2012-03-05,3.97,3.98,3.98,3.95,98.12,0.0
2012-03-02,3.97,4.0,4.0,3.97,87.16,-0.5
2012-03-01,3.99,4.0,4.01,3.98,47.22,-0.25
2012-02-29,4.0,3.99,4.01,3.99,84.75,0.0
2012-02-28,4.0,3.98,4.0,3.98,57.89,0.25
2012-02-27,3.99,4.0,4.02,3.99,49.04,-0.75
2012-02-24,4.02,4.0,4.02,4.0,192.67,0.5
2012-02-23,4.0,4.0,4.02,4.0,77.81,-0.5
2012-02-22,4.02,4.0,4.04,3.99,57.19,0.25
2012-02-21,4.01,4.01,4.01,3.98,54.12,0.0
2012-02-20,4.01,4.0,4.01,3.97,52.93,0.25
2012-02-17,4.0,3.97,4.01,3.97,122.18,-0.25
2012-02-16,4.01,3.97,4.01,3.97,108.79,1.01
2012-02-15,3.97,3.99,4.03,3.97,39.28,0.0
2012-02-14,3.97,3.94,3.97,3.88,288.68,0.76
2012-02-13,3.94,4.02,4.02,3.93,91.05,-1.25
2012-02-10,3.99,4.02,4.04,3.99,150.49,-1.48
2012-02-09,4.05,4.05,4.07,4.0,200.84,0.0
2012-02-08,4.05,4.1,4.1,4.05,106.12,-1.22
2012-02-07,4.1,4.08,4.1,4.07,20.87,0.0
2012-02-06,4.1,4.09,4.11,4.08,49.06,-0.24
2012-02-03,4.11,4.11,4.13,4.1,43.63,0.0
2012-02-02,4.11,4.11,4.12,4.08,86.68,-0.24
2012-02-01,4.12,4.09,4.12,4.08,78.74,0.0
2012-01-31,4.12,4.12,4.13,4.09,54.58,0.0
2012-01-30,4.12,4.1,4.13,4.09,44.5,0.0
2012-01-27,4.12,4.1,4.13,4.04,122.24,0.24
2012-01-26,4.11,4.08,4.13,4.08,113.62,0.74
2012-01-25,4.08,4.12,4.16,4.08,193.32,-0.97
2012-01-24,4.12,4.06,4.12,4.04,282.48,1.48
2012-01-23,4.06,4.08,4.09,4.06,39.58,-0.73
2012-01-20,4.09,4.02,4.1,4.02,502.47,1.49
2012-01-19,4.03,4.01,4.03,3.98,161.87,-0.25
2012-01-18,4.04,4.07,4.07,4.01,127.21,-0.74
2012-01-17,4.07,4.09,4.1,4.07,109.54,-0.49
2012-01-16,4.09,4.08,4.1,4.06,88.64,0.25
2012-01-13,4.08,4.1,4.11,4.06,202.57,-0.97
2012-01-12,4.12,4.14,4.14,4.1,52.45,0.49
2012-01-11,4.1,4.14,4.15,4.1,153.0,-0.97
2012-01-10,4.14,4.09,4.18,4.09,63.91,0.98
2012-01-09,4.1,4.16,4.18,4.08,164.14,-2.15
2012-01-05,4.19,4.21,4.22,4.15,232.17,0.0
2012-01-04,4.19,4.19,4.3,4.16,510.54,1.45
2012-01-03,4.13,4.07,4.14,4.07,332.49,1.72
2012-01-02,4.06,4.06,4.07,4.05,17.61,0.0
2011-12-30,4.06,4.05,4.07,4.05,83.7,0.25
2011-12-29,4.05,4.06,4.07,4.04,124.58,0.0
2011-12-28,4.05,4.04,4.05,4.03,149.23,0.0
2011-12-27,4.05,4.05,4.08,4.03,187.58,-0.49
2011-12-26,4.07,4.05,4.08,4.02,159.0,0.74
2011-12-23,4.04,4.06,4.06,4.02,124.42,-0.25
2011-12-22,4.05,4.06,4.06,4.03,183.23,-0.25
2011-12-21,4.06,4.06,4.06,4.02,264.38,0.0
2011-12-20,4.06,4.07,4.08,4.0,164.59,-0.25
2011-12-19,4.07,4.06,4.07,4.0,125.69,0.49
2011-12-16,4.05,4.05,4.07,4.05,194.0,0.0
2011-12-15,4.05,4.05,4.07,4.03,463.14,0.0
2011-12-14,4.05,4.07,4.07,4.04,180.19,0.0
2011-12-13,4.05,4.02,4.06,4.02,426.9,1.0
2011-12-12,4.01,3.97,4.01,3.97,472.27,1.01
2011-12-09,3.97,3.94,3.98,3.92,433.28,1.53
2011-12-08,3.91,3.85,3.93,3.82,1.27,0.51
2011-12-07,3.89,3.86,3.9,3.83,29.39,-0.26
2011-12-06,3.9,3.88,3.9,3.86,29.18,0.0
2011-12-05,3.9,3.9,3.91,3.88,69.44,-0.51
2011-12-02,3.92,3.9,3.92,3.89,40.99,0.51
2011-12-01,3.9,3.9,3.91,3.9,131.24,0.0
2011-11-30,3.9,3.93,3.93,3.9,78.79,-0.76
2011-11-29,3.93,3.91,3.93,3.89,130.19,0.0
2011-11-28,3.93,3.93,3.94,3.92,36.96,0.0
2011-11-25,3.93,3.96,3.96,3.93,17.68,-0.25
2011-11-24,3.94,3.91,3.94,3.9,42.62,0.25
2011-11-23,3.93,3.95,3.95,3.91,36.9,-0.51
2011-11-22,3.95,3.98,3.98,3.94,81.87,0.0
2011-11-21,3.95,3.99,3.99,3.95,142.17,-0.75
2011-11-18,3.98,3.99,3.99,3.97,83.92,0.0
2011-11-17,3.98,3.98,3.98,3.96,106.26,0.0
2011-11-16,3.98,4.02,4.02,3.96,234.13,-0.75
2011-11-15,4.01,4.03,4.03,4.01,102.82,-0.25
2011-11-14,4.02,4.04,4.04,4.02,69.68,0.25
2011-11-11,4.01,4.05,4.05,4.01,163.64,-0.5
2011-11-10,4.03,4.08,4.08,4.01,109.39,-0.25
2011-11-09,4.04,4.09,4.1,4.04,120.74,-0.49
2011-11-08,4.06,4.0,4.07,4.0,610.75,1.5
2011-11-04,4.0,3.99,4.0,3.99,131.36,0.0
2011-11-03,4.0,3.98,4.0,3.97,543.78,0.5
2011-11-02,3.98,3.95,4.0,3.95,259.39,0.76
2011-11-01,3.95,3.93,3.95,3.93,143.97,0.51
2011-10-31,3.93,3.95,3.95,3.91,134.47,0.0
2011-10-28,3.93,3.94,3.94,3.9,219.86,0.0
2011-10-27,3.93,3.97,3.97,3.92,174.7,-0.76
2011-10-26,3.96,3.97,3.98,3.93,787.48,1.28
2011-10-25,3.91,3.73,3.91,3.66,601.76,3.71
2011-10-24,3.77,3.88,3.88,3.77,390.35,-2.84
2011-10-21,3.88,3.92,3.92,3.88,181.82,-0.51
2011-10-20,3.9,3.88,3.9,3.86,160.96,0.52
2011-10-19,3.88,3.88,3.9,3.86,85.02,0.0
2011-10-18,3.88,3.92,3.92,3.85,419.56,-1.27
2011-10-17,3.93,3.93,3.94,3.92,196.67,-0.25
2011-10-14,3.94,3.9,3.94,3.9,226.08,1.03
2011-10-13,3.9,3.85,3.94,3.82,198.43,0.52
2011-10-12,3.88,3.98,3.98,3.87,310.67,-1.52
2011-10-11,3.94,4.0,4.0,3.94,157.97,-1.5
2011-10-10,4.0,4.02,4.03,3.99,178.47,-0.5
2011-10-07,4.02,3.95,4.06,3.95,485.55,1.77
2011-10-06,3.95,3.92,3.95,3.91,158.36,0.51
2011-10-05,3.93,3.96,3.96,3.92,127.41,-0.51
2011-10-04,3.95,3.92,3.95,3.9,155.98,0.77
2011-10-03,3.92,3.91,3.94,3.91,123.19,0.0
2011-09-30,3.92,3.91,3.95,3.9,282.14,0.26
2011-09-29,3.91,3.92,3.95,3.9,204.7,-1.26
2011-09-28,3.96,3.99,4.01,3.94,223.66,-0.75
2011-09-27,3.99,3.94,3.99,3.92,370.39,1.01
2011-09-26,3.95,3.92,3.97,3.92,490.57,1.28
2011-09-23,3.9,3.93,3.97,3.9,384.55,-0.51
2011-09-22,3.92,3.93,3.97,3.92,52.01,-0.51
2011-09-21,3.94,3.93,3.95,3.9,142.09,0.25
2011-09-20,3.93,3.89,3.94,3.85,288.58,1.03
2011-09-19,3.89,3.92,3.92,3.87,159.47,-0.77
2011-09-16,3.92,3.94,3.94,3.89,157.92,0.0
2011-09-15,3.92,3.93,3.94,3.9,73.47,-0.51
2011-09-14,3.94,3.95,3.96,3.93,133.42,-0.25
2011-09-13,3.95,3.95,3.96,3.93,126.13,0.0
2011-09-12,3.95,3.92,3.97,3.91,387.67,0.0
2011-09-09,3.95,3.95,3.97,3.9,206.78,-0.5
2011-09-08,3.97,4.0,4.0,3.97,82.38,-0.75
2011-09-07,4.0,4.0,4.02,3.95,132.3,0.0
2011-09-06,4.0,4.06,4.08,3.97,429.56,-1.48
2011-09-05,4.06,4.09,4.1,4.04,415.21,-0.73
2011-09-02,4.09,4.0,4.1,4.0,893.4,4.87
2011-08-29,3.9,3.9,3.9,3.86,195.75,0.0
2011-08-26,3.9,3.95,3.95,3.9,221.59,-1.02
2011-08-25,3.94,4.0,4.0,3.94,365.4,-1.5
2011-08-24,4.0,4.0,4.02,3.98,486.4,0.25
2011-08-23,3.99,3.94,4.0,3.92,385.95,1.53
2011-08-22,3.93,3.98,3.98,3.88,2.14,0.0
2011-08-19,3.93,4.0,4.01,3.89,680.78,-1.75
2011-08-18,4.0,4.1,4.13,4.0,1.99,-1.48
2011-08-17,4.06,3.97,4.06,3.97,2.15,2.53
2011-08-16,3.96,3.91,3.98,3.88,1.52,2.59
2011-08-15,3.86,3.7,3.86,3.66,4.41,5.46
2011-08-12,3.66,3.67,3.7,3.64,274.9,0.27
2011-08-11,3.65,3.65,3.67,3.62,226.55,-1.08
2011-08-10,3.69,3.62,3.69,3.59,543.84,3.94
2011-08-09,3.55,3.65,3.7,3.55,1.41,-4.31
2011-08-08,3.71,3.79,3.8,3.7,161.26,-2.11
2011-08-05,3.79,3.78,3.81,3.77,345.77,0.8
2011-08-04,3.76,3.72,3.8,3.7,1.12,1.9
2011-08-03,3.69,3.7,3.71,3.67,200.46,-0.27
2011-08-02,3.7,3.69,3.71,3.69,121.09,0.54
2011-08-01,3.68,3.73,3.73,3.67,326.43,-1.34
2011-07-29,3.73,3.77,3.77,3.7,105.71,-0.53
2011-07-28,3.75,3.75,3.76,3.71,147.93,0.27
2011-07-27,3.74,3.79,3.79,3.73,168.79,-0.8
2011-07-26,3.77,3.73,3.8,3.73,271.93,1.89
2011-07-22,3.7,3.7,3.72,3.69,244.92,-0.27
2011-07-21,3.71,3.7,3.71,3.65,232.68,1.09
2011-07-20,3.67,3.7,3.73,3.67,71.68,-0.81
2011-07-19,3.7,3.72,3.73,3.68,113.18,-0.54
2011-07-18,3.72,3.66,3.72,3.66,274.65,0.54
2011-07-15,3.7,3.7,3.71,3.65,803.45,0.0
2011-07-14,3.7,3.73,3.75,3.69,298.56,0.0
2011-07-13,3.7,3.65,3.73,3.65,321.55,1.09
2011-07-12,3.66,3.74,3.74,3.66,376.07,-2.4
2011-07-11,3.75,3.8,3.82,3.75,241.14,-1.32
2011-07-08,3.8,3.8,3.81,3.74,250.93,0.53
2011-07-07,3.78,3.76,3.8,3.73,366.15,0.27
2011-07-06,3.77,3.7,3.77,3.69,322.54,1.89
2011-07-05,3.7,3.69,3.73,3.65,279.65,0.0
2011-07-04,3.7,3.58,3.71,3.5,587.45,4.52
2011-07-01,3.54,3.46,3.54,3.46,624.12,2.91
2011-06-30,3.44,3.44,3.45,3.42,306.88,0.58
2011-06-29,3.42,3.4,3.42,3.37,538.27,0.88
2011-06-28,3.39,3.38,3.39,3.35,316.46,0.59
2011-06-27,3.37,3.39,3.4,3.36,66.84,-0.88
2011-06-24,3.4,3.42,3.46,3.4,438.83,0.59
2011-06-23,3.38,3.36,3.41,3.35,726.48,0.6
2011-06-22,3.36,3.33,3.36,3.32,566.97,1.82
2011-06-21,3.3,3.24,3.31,3.24,401.7,1.85
2011-06-20,3.24,3.22,3.25,3.15,1.29,0.62
2011-06-17,3.22,3.21,3.26,3.21,135.62,0.31
2011-06-16,3.21,3.26,3.26,3.2,99.46,-1.23
2011-06-15,3.25,3.26,3.26,3.17,181.59,-0.61
2011-06-14,3.27,3.27,3.27,3.23,84.46,-0.3
2011-06-13,3.28,3.26,3.3,3.25,124.23,-0.61
2011-06-10,3.3,3.28,3.3,3.27,239.2,0.0
2011-06-09,3.3,3.3,3.3,3.25,177.51,0.0
2011-06-08,3.3,3.3,3.31,3.27,478.01,0.3
2011-06-07,3.29,3.26,3.3,3.17,1.02,0.3
2011-06-06,3.28,3.32,3.32,3.25,81.13,-1.2
2011-06-03,3.32,3.33,3.33,3.27,145.85,0.0
2011-06-02,3.32,3.23,3.34,3.23,567.89,3.43
2011-06-01,3.21,3.22,3.26,3.19,204.04,-1.53
2011-05-31,3.26,3.3,3.3,3.22,254.79,-1.81
2011-05-30,3.32,3.38,3.38,3.3,363.77,0.61
2011-05-27,3.3,3.23,3.31,3.16,1.11,0.3
2011-05-26,3.29,3.39,3.39,3.29,857.21,-2.95
2011-05-25,3.39,3.34,3.39,3.25,1.45,5.94
2011-05-24,3.2,3.0,3.2,2.98,2.73,5.96
2011-05-23,3.02,3.02,3.02,2.93,371.69,0.0
2011-05-20,3.02,3.03,3.07,2.97,863.11,4.14
2011-05-19,2.9,2.76,2.9,2.75,934.4,5.84
2011-05-18,2.74,2.72,2.74,2.64,529.61,1.11
2011-05-17,2.71,2.7,2.72,2.69,187.98,0.74
2011-05-16,2.69,2.67,2.72,2.63,475.15,1.51
2011-05-13,2.65,2.66,2.7,2.65,547.28,0.0
2011-05-12,2.65,2.6,2.67,2.6,1.37,2.71
2011-05-11,2.58,2.54,2.58,2.54,177.53,2.38
2011-05-10,2.52,2.5,2.53,2.49,528.05,1.61
2011-05-09,2.48,2.42,2.48,2.4,405.89,1.64
2011-05-06,2.44,2.39,2.46,2.39,33.69,1.24
2011-05-05,2.41,2.42,2.44,2.37,110.13,-2.43
2011-05-04,2.47,2.45,2.48,2.44,50.12,0.0
2011-05-03,2.47,2.49,2.49,2.47,5.17,-0.8
2011-05-02,2.49,2.46,2.53,2.45,90.61,2.47
2011-04-29,2.43,2.44,2.47,2.4,75.84,0.0
2011-04-28,2.43,2.45,2.49,2.42,37.49,-0.82
2011-04-27,2.45,2.49,2.49,2.44,84.88,-1.21
2011-04-26,2.48,2.54,2.54,2.47,114.43,-0.8
2011-04-25,2.5,2.55,2.56,2.5,104.16,-1.96
2011-04-22,2.55,2.51,2.56,2.48,103.89,0.39
2011-04-21,2.54,2.58,2.59,2.52,34.83,-0.39
2011-04-20,2.55,2.52,2.57,2.52,66.4,2.41
2011-04-19,2.49,2.42,2.49,2.42,63.25,2.89
2011-04-18,2.42,2.4,2.44,2.37,49.03,0.83
2011-04-15,2.4,2.43,2.43,2.38,99.56,-1.64
2011-04-14,2.44,2.5,2.51,2.43,154.26,-3.17
2011-04-13,2.52,2.51,2.52,2.44,195.24,0.0
2011-04-12,2.52,2.56,2.56,2.45,134.74,1.2
2011-04-11,2.49,2.51,2.54,2.47,77.97,-2.73
2011-04-08,2.56,2.57,2.59,2.51,46.32,-0.39
2011-04-07,2.57,2.64,2.66,2.57,164.12,-2.28
2011-04-06,2.63,2.58,2.63,2.51,113.24,3.54
2011-04-05,2.54,2.52,2.54,2.46,128.0,0.79
2011-04-04,2.52,2.59,2.59,2.52,67.91,-2.33
2011-04-01,2.58,2.6,2.6,2.54,73.7,0.39
2011-03-31,2.57,2.59,2.62,2.54,71.78,-1.53
2011-03-30,2.61,2.63,2.67,2.59,157.11,0.38
2011-03-29,2.6,2.66,2.66,2.59,79.7,-1.89
2011-03-28,2.65,2.62,2.65,2.58,172.17,1.15
2011-03-25,2.62,2.69,2.7,2.61,364.76,-1.13
2011-03-24,2.65,2.63,2.7,2.58,795.86,3.52
2011-03-23,2.56,2.49,2.56,2.45,599.34,3.64
2011-03-22,2.47,2.47,2.5,2.42,122.23,0.82
2011-03-18,2.45,2.46,2.47,2.41,85.02,1.24
2011-03-17,2.42,2.48,2.48,2.41,43.3,0.0
2011-03-16,2.42,2.49,2.49,2.42,86.36,-0.41
2011-03-15,2.43,2.5,2.5,2.43,138.16,-2.41
2011-03-14,2.49,2.54,2.57,2.47,159.6,-1.19
2011-03-11,2.52,2.45,2.52,2.44,372.68,4.13
2011-03-10,2.42,2.4,2.42,2.34,148.56,2.11
2011-03-09,2.37,2.44,2.47,2.37,292.52,-2.87
2011-03-08,2.44,2.51,2.55,2.44,552.0,-2.01
2011-03-07,2.49,2.42,2.49,2.4,919.88,5.96
2011-02-25,2.35,2.38,2.41,2.35,247.17,-5.62
2011-02-24,2.49,2.56,2.56,2.49,179.05,-3.49
2011-02-23,2.58,2.59,2.63,2.52,204.18,-0.39
2011-02-22,2.59,2.59,2.66,2.52,580.69,0.39
2011-02-21,2.58,2.7,2.76,2.58,742.44,-2.64
2011-02-18,2.65,2.61,2.65,2.6,1.46,6.0
2011-02-17,2.5,2.47,2.54,2.42,114.83,3.73
2011-02-16,2.41,2.43,2.48,2.4,169.13,-1.63
2011-02-14,2.45,2.48,2.48,2.41,252.64,-2.0
2011-02-11,2.5,2.5,2.52,2.43,273.64,-0.79
2011-02-10,2.52,2.47,2.55,2.43,940.39,-2.33
2011-02-09,2.58,2.55,2.62,2.54,231.33,1.57
2011-02-08,2.54,2.7,2.7,2.48,602.87,-1.93
2011-02-07,2.59,2.56,2.59,2.55,1.29,5.71
2011-02-04,2.45,2.38,2.45,2.31,979.36,0.0
2011-02-03,2.45,2.45,2.45,2.45,31.13,-4.3
2011-02-02,2.56,2.56,2.56,2.56,161.44,-6.91
2011-01-14,2.75,2.83,2.83,2.75,1.08,-5.5
2011-01-13,2.91,2.91,2.91,2.91,0.92,-4.59
2011-01-12,3.05,3.05,3.05,3.05,361.26,-10.03
2011-01-10,3.39,3.39,3.39,3.39,46.56,-4.24
2011-01-07,3.54,3.6,3.6,3.54,122.31,-1.67
2011-01-06,3.6,3.53,3.6,3.53,107.63,1.98
2011-01-05,3.53,3.4,3.53,3.4,287.84,4.44
2011-01-04,3.38,3.38,3.43,3.38,123.56,0.6
2011-01-03,3.36,3.39,3.39,3.33,75.24,1.51
2010-12-31,3.31,3.32,3.34,3.3,161.93,-0.3
2010-12-30,3.32,3.2,3.32,3.2,290.93,0.91
2010-12-29,3.29,3.35,3.35,3.25,745.17,-1.79
2010-12-28,3.35,3.43,3.43,3.33,182.61,-2.33
2010-12-27,3.43,3.46,3.48,3.38,466.09,-1.44
2010-12-24,3.48,3.47,3.5,3.46,1.23,0.87
2010-12-23,3.45,3.45,3.47,3.43,143.2,0.29
2010-12-22,3.44,3.48,3.5,3.42,105.1,0.0
2010-12-21,3.44,3.42,3.44,3.38,1.13,0.58
2010-12-20,3.42,3.51,3.51,3.41,81.83,-1.16
2010-12-17,3.46,3.51,3.52,3.43,114.94,-0.57
2010-12-16,3.48,3.47,3.5,3.45,470.95,0.87
2010-12-15,3.45,3.39,3.48,3.39,343.78,1.77
2010-12-14,3.39,3.39,3.4,3.34,131.15,-0.29
2010-12-13,3.4,3.45,3.45,3.38,69.77,-1.73
2010-12-10,3.46,3.45,3.46,3.41,116.87,0.58
2010-12-09,3.44,3.42,3.46,3.42,92.56,0.58
2010-12-08,3.42,3.49,3.49,3.42,101.4,-1.16
2010-12-03,3.46,3.52,3.52,3.46,42.28,-1.98
2010-12-02,3.53,3.53,3.53,3.47,86.31,0.86
2010-12-01,3.5,3.61,3.61,3.5,277.28,-2.23
2010-11-30,3.58,3.63,3.63,3.58,32.85,-1.38
2010-11-29,3.63,3.61,3.63,3.57,320.32,0.83
2010-11-26,3.6,3.58,3.62,3.57,277.58,0.84
2010-11-25,3.57,3.5,3.57,3.43,490.33,2.0
2010-11-24,3.5,3.5,3.51,3.43,54.19,-0.28
2010-11-23,3.51,3.52,3.52,3.43,167.36,0.29
2010-11-22,3.5,3.48,3.57,3.46,71.71,-1.41
2010-11-19,3.55,3.59,3.62,3.52,157.9,-1.11
2010-11-18,3.59,3.62,3.62,3.53,41.24,0.56
2010-11-15,3.57,3.6,3.61,3.53,102.52,-1.11
2010-11-12,3.61,3.58,3.62,3.57,344.69,1.12
2010-11-11,3.57,3.52,3.57,3.52,283.81,2.59
2010-11-10,3.48,3.43,3.49,3.43,310.51,1.46
2010-11-09,3.43,3.41,3.43,3.39,104.57,1.48
2010-11-08,3.38,3.36,3.41,3.35,234.34,0.6
2010-11-05,3.36,3.34,3.42,3.34,154.27,0.6
2010-11-04,3.34,3.4,3.41,3.31,233.12,-2.62
2010-11-03,3.43,3.53,3.53,3.43,455.09,0.0
2010-11-02,3.43,3.27,3.45,3.26,792.05,5.21
2010-11-01,3.26,3.36,3.43,3.26,554.42,-3.26
2010-10-29,3.37,3.46,3.48,3.37,843.36,-3.44
2010-10-28,3.49,3.57,3.58,3.48,128.76,-2.51
2010-10-27,3.58,3.55,3.59,3.5,135.44,0.28
2010-10-26,3.57,3.62,3.62,3.51,192.9,-1.38
2010-10-25,3.62,3.69,3.69,3.6,49.91,-1.63
2010-10-22,3.68,3.65,3.69,3.61,348.16,0.27
2010-10-21,3.67,3.63,3.67,3.6,96.54,0.55
2010-10-20,3.65,3.67,3.68,3.63,71.93,-0.54
2010-10-19,3.67,3.62,3.67,3.51,216.29,1.94
2010-10-18,3.6,3.6,3.68,3.6,229.58,0.28
2010-10-15,3.59,3.6,3.6,3.53,169.96,0.0
2010-10-14,3.59,3.7,3.7,3.59,160.07,-1.1
2010-10-13,3.63,3.6,3.64,3.55,281.38,0.83
2010-10-12,3.6,3.59,3.69,3.5,363.89,-2.7
2010-10-11,3.7,3.81,3.81,3.7,184.83,-2.63
2010-10-08,3.8,3.8,3.8,3.66,867.26,4.4
2010-10-07,3.64,3.42,3.64,3.33,2.03,6.12
2010-10-06,3.43,3.47,3.6,3.41,1.36,-5.51
2010-10-05,3.63,3.66,3.73,3.61,477.16,-3.71
2010-10-04,3.77,3.88,3.88,3.77,500.73,-3.08
2010-10-01,3.89,3.9,3.9,3.84,248.92,0.26
2010-09-30,3.88,3.94,3.94,3.88,265.62,-1.52
2010-09-29,3.94,3.92,3.94,3.81,693.1,-0.25
2010-09-28,3.95,3.97,3.98,3.94,245.61,-1.0
2010-09-27,3.99,4.01,4.01,3.96,235.38,0.0
2010-09-24,3.99,3.97,4.0,3.96,245.36,0.76
2010-09-23,3.96,3.94,3.96,3.91,220.22,0.25
2010-09-22,3.95,3.97,3.97,3.9,309.19,0.25
2010-09-21,3.94,4.0,4.0,3.89,426.25,0.25
2010-09-20,3.93,3.92,4.0,3.92,1.05,0.51
2010-09-17,3.91,3.89,3.91,3.83,1.08,2.62
2010-09-16,3.81,3.76,3.82,3.72,653.99,1.87
2010-09-15,3.74,3.77,3.77,3.67,406.48,0.0
2010-09-14,3.74,3.73,3.75,3.65,1.18,0.27
2010-09-13,3.73,3.74,3.75,3.71,557.65,0.0
2010-09-08,3.73,3.75,3.77,3.72,147.07,-0.27
2010-09-07,3.74,3.71,3.75,3.7,285.17,0.81
2010-09-06,3.71,3.7,3.71,3.65,154.46,0.0
2010-09-03,3.71,3.77,3.78,3.71,446.04,-1.07
2010-09-02,3.75,3.73,3.75,3.65,567.29,0.81
2010-09-01,3.72,3.65,3.73,3.65,534.94,1.92
2010-08-31,3.65,3.53,3.65,3.53,782.23,3.4
2010-08-30,3.53,3.53,3.59,3.51,706.94,2.02
2010-08-27,3.46,3.43,3.47,3.4,278.71,1.76
2010-08-26,3.4,3.34,3.4,3.33,301.05,0.59
2010-08-25,3.38,3.38,3.38,3.34,300.23,0.3
2010-08-24,3.37,3.36,3.39,3.31,555.5,0.3
2010-08-23,3.36,3.39,3.4,3.34,174.2,-1.18
2010-08-20,3.4,3.39,3.41,3.36,154.57,0.29
2010-08-19,3.39,3.41,3.41,3.37,116.94,0.3
2010-08-18,3.38,3.4,3.4,3.38,106.27,0.0
2010-08-17,3.38,3.32,3.38,3.31,126.18,2.11
2010-08-16,3.31,3.34,3.43,3.29,134.89,-3.5
2010-08-12,3.43,3.5,3.5,3.4,172.41,-1.44
2010-08-11,3.48,3.46,3.52,3.45,194.36,0.0
2010-08-10,3.48,3.45,3.48,3.43,371.23,1.46
2010-08-09,3.43,3.41,3.43,3.4,129.73,0.88
2010-08-06,3.4,3.38,3.43,3.38,445.79,1.8
2010-08-05,3.34,3.35,3.38,3.34,274.0,0.0
2010-08-04,3.34,3.36,3.38,3.29,399.42,-0.6
2010-08-03,3.36,3.42,3.42,3.33,384.35,-2.04
2010-08-02,3.43,3.42,3.45,3.39,516.1,1.18
2010-07-30,3.39,3.35,3.4,3.35,622.93,1.5
2010-07-29,3.34,3.32,3.41,3.29,676.95,3.41
2010-07-28,3.23,3.07,3.23,3.07,1.03,5.9
2010-07-27,3.05,3.0,3.09,2.99,798.24,0.33
2010-07-26,3.04,2.95,3.04,2.86,693.48,1.33
2010-07-23,3.0,3.14,3.14,3.0,688.15,-4.76
2010-07-22,3.15,3.15,3.3,3.15,1.18,-4.55
2010-07-21,3.3,3.4,3.4,3.3,1.58,-5.71
2010-07-20,3.5,3.63,3.63,3.5,2.04,-6.17
2010-07-19,3.73,3.65,3.76,3.56,1.29,5.07
2010-07-16,3.55,3.45,3.55,3.4,1.67,5.65
2010-07-15,3.36,3.31,3.36,3.24,2.56,5.99
2010-07-14,3.17,3.08,3.17,3.08,1.07,6.02
